citric acid,residual sugar,chlorides,density,pH,sulphates,alcohol,total acidity,sulphur bound
0.31,3.0,0.086,1.0002,3.48,0.74,11.6,9.389999999999999,104.0
0.4,1.4,0.066,0.9912,3.25,0.59,11.9,6.31,205.5
0.47,1.8,0.118,0.9982,3.3,0.75,9.8,11.290000000000001,20.0
0.26,1.6,0.088,0.99694,3.32,0.47,9.4,9.485000000000001,39.0
0.15,6.0,0.073,0.999,3.37,0.49,9.9,9.435,65.0
0.49,2.3,0.099,0.9979,3.38,0.99,9.8,8.59,180.0
0.15,1.8,0.077,0.99314,3.32,0.82,11.6,6.85,61.0
0.39,2.6,0.082,0.9985,3.43,0.62,10.7,8.5,58.0
0.27,2.0,0.095,0.99747,3.13,0.62,9.1,8.84,82.0
0.51,4.0,0.104,0.9996,3.28,0.97,10.1,11.68,27.0
0.0,4.3,0.057,0.99488,3.45,0.56,11.8,7.17,31.0
0.45,1.8,0.075,0.99552,3.41,0.76,11.9,9.02,31.0
0.02,2.5,0.081,0.99745,3.48,0.6,9.7,7.71,104.0
0.0,1.9,0.097,0.99675,3.37,0.58,9.0,7.83,52.0
0.45,2.0,0.082,0.9988,2.94,0.66,9.2,11.64,21.0
0.09,1.7,0.053,0.99402,3.54,0.6,11.3,6.76,56.0
0.08,4.4,0.071,0.99646,3.56,0.63,11.6,6.720000000000001,43.0
0.54,2.3,0.082,0.9997,3.11,1.36,9.8,12.78,41.0
0.14,3.9,0.07,0.99669,3.32,0.48,9.2,6.970000000000001,100.0
0.28,2.7,0.1,0.9966,3.22,0.67,9.4,8.24,113.0
0.45,2.4,0.072,0.99617,3.33,0.77,12.0,9.12,91.0
0.58,4.1,0.092,0.99745,3.29,0.99,12.0,10.639999999999999,35.0
0.04,1.7,0.049,0.9942,3.72,0.58,11.4,6.14,18.0
0.18,2.3,0.076,0.9975,3.43,0.59,10.0,8.39,71.0
0.68,2.9,0.085,1.0014,3.06,0.8,10.0,14.114999999999998,60.0
0.19,5.8,0.111,0.99878,3.14,0.55,9.4,10.64,109.0
0.27,2.1,0.071,0.99388,3.35,0.63,12.0,7.890000000000001,39.0
0.0,1.9,0.099,0.99606,3.34,0.6,9.7,7.6850000000000005,31.0
0.05,2.3,0.081,0.99564,3.38,0.6,10.3,7.7700000000000005,52.0
0.4,1.7,0.067,0.99603,3.39,0.6,10.5,8.69,28.0
0.12,1.9,0.165,0.99702,3.26,0.86,9.2,7.930000000000001,16.0
0.44,2.5,0.068,0.99328,3.35,0.54,12.4,7.26,48.0
0.63,2.3,0.091,1.0004,3.16,0.49,9.5,12.690000000000001,24.0
0.37,15.4,0.214,1.00369,3.18,0.77,9.0,10.739999999999998,150.0
0.23,2.7,0.091,0.9994,3.22,0.64,10.3,10.950000000000001,66.0
0.24,2.8,0.092,0.998,3.19,0.73,10.0,9.83,59.0
0.25,2.0,0.104,0.99769,3.27,0.72,9.6,9.58,29.0
0.1,1.6,0.092,0.99745,3.31,0.65,9.55,9.285,15.0
0.03,5.6,0.079,0.99572,3.58,0.5,11.2,7.38,70.0
0.25,2.6,0.081,0.99685,3.46,0.5,11.0,7.42,47.0
0.0,2.2,0.096,0.99557,3.62,0.62,11.5,7.08,16.0
0.3,2.4,0.074,0.9968,3.46,0.59,10.2,7.88,70.0
0.0,1.7,0.052,0.996,3.41,0.47,10.3,7.59,11.0
0.02,1.7,0.084,0.99538,3.36,0.54,10.5,8.01,44.0
0.7,1.9,0.464,0.9974,3.13,1.28,9.4,8.23,89.0
0.02,1.9,0.08,0.99492,3.35,0.81,10.6,7.43,43.0
0.55,3.2,0.076,0.9996,3.15,0.89,9.9,10.81,76.0
0.29,2.1,0.075,0.99718,3.4,0.64,9.5,8.03,85.0
0.09,2.2,0.084,0.9964,3.15,0.66,9.8,9.02,119.0
0.17,5.4,0.168,0.99736,3.28,0.5,9.5,8.040000000000001,150.0
0.23,2.1,0.08,0.99538,3.36,0.7,10.9,7.34,130.0
0.03,1.8,0.078,0.99587,3.34,0.39,9.5,7.855,19.0
0.42,2.4,0.081,0.997,3.2,0.71,11.4,10.14,77.0
0.01,2.1,0.056,0.99472,3.52,0.56,11.4,6.6899999999999995,18.0
0.29,1.9,0.078,0.9971,3.45,0.59,9.5,8.0,95.0
0.39,1.2,0.059,0.99331,3.29,0.52,11.5,7.6049999999999995,18.0
0.48,2.5,0.063,0.9998,3.12,0.59,9.3,10.83,31.0
0.44,1.5,0.042,0.99542,3.35,0.61,10.7,8.43,18.0
0.24,2.2,0.087,0.9988,3.14,0.6,10.2,10.28,33.0
0.52,2.2,0.071,1.0006,3.1,0.56,9.0,13.66,47.0
0.28,2.6,0.078,0.998,3.28,0.51,9.8,10.64,98.0
0.43,1.65,0.068,0.99478,3.19,0.46,11.4,10.190000000000001,16.0
0.49,2.8,0.088,0.9972,3.22,0.68,11.7,11.110000000000001,43.0
0.63,2.4,0.088,0.9997,3.1,0.6,10.4,13.64,48.0
0.41,2.4,0.065,0.99492,3.34,0.85,11.4,7.81,94.0
0.54,1.5,0.095,0.99735,3.02,0.76,9.9,12.01,63.0
0.4,1.3,0.044,0.99478,3.2,0.83,10.9,9.39,75.0
0.23,3.4,0.078,0.9976,3.28,0.62,9.4,8.76,118.0
0.3,1.9,0.074,0.99717,3.39,0.61,9.0,8.39,116.0
0.0,2.5,0.072,0.99491,3.43,0.56,11.2,7.37,96.0
0.31,2.8,0.07,0.99693,3.22,0.55,10.3,8.08,19.0
0.19,3.0,0.077,0.9966,3.37,0.51,10.5,7.890000000000001,53.0
0.1,3.3,0.09,0.99855,3.36,0.49,9.5,8.879999999999999,17.0
0.21,2.3,0.086,0.99558,3.4,0.54,10.1,7.36,85.0
0.27,2.0,0.092,0.99471,3.78,0.64,12.3,5.82,78.0
0.02,1.9,0.061,0.99489,3.39,0.82,10.9,7.37,68.0
0.5,4.5,0.107,0.998,3.28,0.83,11.5,10.74,18.0
0.0,1.8,0.074,0.9972,3.47,0.7,9.9,7.699999999999999,50.0
0.05,2.3,0.079,0.99735,3.29,0.63,9.3,8.42,24.0
0.57,2.3,0.087,0.99676,3.14,0.72,11.1,10.959999999999999,26.0
0.49,2.2,0.083,1.0,3.19,0.43,9.2,12.19,20.0
0.29,2.2,0.098,0.9988,3.36,0.49,9.1,9.4,20.0
0.0,2.1,0.091,0.99488,3.42,0.55,11.5,7.6899999999999995,23.0
0.24,3.4,0.076,0.9976,3.27,0.61,9.4,8.84,128.0
0.27,2.8,0.078,0.9984,3.31,0.67,10.6,10.075000000000001,80.0
0.12,2.3,0.12,0.99519,3.47,0.71,11.3,6.970000000000001,61.0
0.53,6.7,0.097,0.9986,3.27,0.82,11.7,10.3,25.0
0.64,2.2,0.111,0.997,3.26,0.66,11.7,11.08,26.0
0.28,1.9,0.11,0.9972,2.93,1.95,9.9,9.09,156.0
0.68,1.8,0.403,0.99632,3.02,1.15,9.3,9.235,75.0
0.15,1.8,0.078,0.99294,3.33,0.6,10.5,6.960000000000001,82.0
0.5,3.4,0.107,0.9979,3.26,0.93,11.8,10.42,28.0
0.52,1.8,0.071,0.9968,3.2,0.72,10.2,12.06,16.0
0.12,3.0,0.092,0.9967,3.37,0.7,10.3,7.9,82.0
0.1,2.6,0.053,0.99362,3.57,0.5,11.9,6.8149999999999995,40.0
0.66,3.1,0.109,1.0,3.15,0.85,10.4,12.33,33.0
0.15,2.8,0.11,0.9955,3.17,0.63,10.2,8.11,106.0
0.42,2.1,0.072,0.99392,3.11,0.78,12.4,8.74,59.0
0.21,1.5,0.069,0.99458,3.16,0.54,9.8,8.27,13.0
0.36,2.6,0.056,0.99562,3.4,0.69,11.8,9.21,49.0
0.42,1.8,0.058,0.99392,3.18,0.55,11.4,9.44,27.0
0.07,1.7,0.086,0.99502,3.12,0.48,10.0,8.14,63.0
0.01,2.6,0.074,0.99621,3.38,0.62,10.8,8.615,138.0
0.26,2.0,0.101,0.9957,3.15,0.57,9.4,7.930000000000001,88.0
0.44,2.3,0.08,0.9988,3.32,0.67,9.7,10.41,68.0
0.12,2.0,0.075,0.99547,3.57,0.71,10.2,6.545,76.0
0.47,2.4,0.074,0.9979,3.08,0.46,9.5,9.07,36.0
0.21,2.0,0.08,0.9961,3.33,0.47,9.5,7.68,42.0
0.06,6.0,0.06,0.9962,3.41,0.59,10.8,7.39,29.0
0.18,2.1,0.078,0.9967,3.2,0.48,9.8,9.085,35.0
0.4,2.4,0.052,0.99356,3.33,0.7,12.8,8.479999999999999,14.0
0.27,2.0,0.083,0.99616,3.26,0.58,9.8,8.13,108.0
0.08,4.4,0.086,0.9974,3.38,0.5,9.0,7.99,35.0
0.23,2.6,0.091,0.99922,3.15,0.51,9.4,9.66,95.0
0.53,2.2,0.06,0.99572,3.02,0.83,10.9,11.41,13.0
0.07,3.4,0.102,1.00015,3.31,0.71,9.8,10.49,103.0
0.33,1.3,0.07,0.9978,3.24,0.6,9.3,9.62,39.0
0.12,1.7,0.097,0.99596,3.16,0.49,9.4,8.09,46.0
0.43,2.9,0.076,0.9984,3.08,0.57,10.1,11.62,114.0
0.2,1.6,0.049,0.9935,3.38,0.57,11.7,7.74,88.0
0.0,2.5,0.105,0.9966,3.46,0.57,10.6,7.585000000000001,59.0
0.51,2.2,0.079,0.9982,3.03,0.93,9.8,11.81,42.0
0.6,2.0,0.039,0.99585,3.3,0.86,12.4,10.229999999999999,24.0
0.18,1.5,0.062,0.9951,3.08,0.6,9.3,7.62,57.0
0.45,2.3,0.082,1.0,3.0,0.7,9.3,13.29,33.0
0.25,2.5,0.104,1.001,3.41,0.67,11.2,10.680000000000001,190.0
0.08,2.4,0.092,0.9974,3.24,0.71,9.8,8.535,51.0
0.49,2.7,0.098,1.0004,3.16,0.61,10.3,12.280000000000001,54.0
0.31,8.8,0.084,0.99824,3.38,0.64,10.1,7.21,71.0
0.68,1.7,0.415,0.99656,3.09,1.06,9.1,8.28,46.0
0.66,3.65,0.121,0.9978,3.05,0.74,11.5,12.129999999999999,20.0
0.09,3.9,0.123,0.9968,3.5,0.67,11.0,6.930000000000001,45.0
0.0,2.2,0.079,0.9948,3.59,0.54,11.5,6.66,15.0
0.33,2.0,0.084,0.9968,3.2,0.55,9.5,8.4,158.0
0.69,2.1,0.09,1.0,3.17,0.62,9.2,11.76,27.0
0.48,2.7,0.065,0.9972,3.21,0.87,11.3,11.02,23.0
0.52,2.2,0.074,0.99509,3.36,0.76,12.4,9.93,38.0
0.26,1.6,0.236,0.9968,3.11,0.8,9.3,8.09,98.0
0.32,3.6,0.061,0.99416,3.28,0.49,11.3,7.4,38.0
0.23,2.0,0.099,0.9973,3.19,0.7,9.4,8.899999999999999,95.0
0.26,1.8,0.401,0.9969,3.16,1.14,9.4,7.97,67.0
0.01,2.0,0.057,0.99488,3.6,0.46,11.2,7.279999999999999,48.0
0.5,1.9,0.369,0.99634,3.01,1.1,9.4,8.94,53.0
0.23,1.6,0.066,0.9958,3.34,0.56,9.2,6.800000000000001,17.0
0.3,2.0,0.085,0.99346,3.33,0.46,11.9,7.43,45.0
0.42,5.5,0.071,0.9973,3.42,0.71,10.5,7.529999999999999,156.0
0.25,1.9,0.081,0.9984,3.43,0.65,9.0,8.32,52.0
0.15,2.1,0.076,0.9957,3.32,0.62,9.3,7.04,75.0
0.32,2.5,0.09,0.9966,3.32,0.79,11.1,7.54,156.0
0.12,2.1,0.065,0.99252,3.3,0.53,13.3,7.489999999999999,38.0
0.4,2.2,0.079,0.99512,3.27,0.67,11.9,8.915,9.0
0.09,3.9,0.068,0.99524,3.41,0.52,11.1,7.4799999999999995,44.0
0.09,1.7,0.053,0.99402,3.54,0.6,11.3,6.76,56.0
0.0,2.1,0.064,0.995,3.54,0.93,10.7,6.51,94.0
0.14,2.4,0.067,0.9969,3.19,0.59,9.5,9.41,52.0
0.32,2.1,0.062,0.99728,3.3,0.65,10.0,7.779999999999999,85.0
0.53,2.6,0.07,0.9972,3.15,0.65,11.0,11.049999999999999,21.0
0.24,1.7,0.077,0.9948,3.39,0.6,10.6,7.16,52.0
0.64,2.4,0.107,0.9973,3.09,0.66,11.8,11.01,21.0
0.24,2.3,0.103,0.9978,3.34,0.52,10.0,10.4,20.0
0.36,1.9,0.064,0.99604,3.47,0.87,11.0,8.82,130.0
0.63,2.0,0.071,0.9988,2.99,0.87,10.2,12.96,21.0
0.27,2.6,0.084,0.9964,3.39,0.71,11.0,7.74,90.0
0.08,2.1,0.045,0.9949,3.49,0.49,11.4,7.07,67.0
0.14,2.2,0.077,0.9963,3.28,0.59,9.8,8.08,87.0
0.13,2.1,0.102,0.9944,3.24,0.53,11.2,8.379999999999999,53.0
0.02,2.7,0.072,0.9955,3.58,0.89,12.3,7.414999999999999,51.0
0.28,2.1,0.048,0.99374,3.41,0.6,12.8,6.87,62.0
0.13,2.0,0.076,0.99546,3.29,0.54,10.1,7.8950000000000005,32.0
0.44,2.3,0.071,0.9992,3.46,0.63,9.5,10.09,89.0
0.46,1.7,0.062,0.9959,3.18,0.83,10.6,10.15,68.0
0.17,1.8,0.082,0.99634,3.49,0.64,10.4,7.529999999999999,78.0
0.26,2.0,0.083,0.99586,3.26,0.52,9.9,7.76,113.0
0.33,1.9,0.074,0.99706,3.41,0.58,9.0,8.09,112.0
0.64,2.1,0.059,0.99494,3.34,0.71,11.2,6.86,76.0
0.43,2.8,0.08,0.9985,3.06,0.57,10.1,11.625,105.0
0.44,2.2,0.075,1.00005,3.07,0.84,9.2,15.21,34.0
0.08,1.7,0.094,0.99576,3.24,0.5,9.8,8.04,55.0
0.0,2.6,0.081,0.9975,3.3,0.52,9.3,8.535,20.0
0.31,2.7,0.084,0.9984,3.31,0.61,9.4,9.47,149.0
0.06,2.7,0.077,0.99746,3.51,0.54,9.5,7.82,100.0
0.31,1.7,0.079,0.99716,3.46,0.62,9.5,7.96,91.0
0.31,2.8,0.093,0.99815,3.32,0.63,9.5,9.46,117.0
0.63,2.3,0.091,1.0004,3.16,0.49,9.5,12.690000000000001,24.0
0.04,2.2,0.061,0.99588,3.53,0.65,10.4,7.19,28.0
0.13,2.5,0.097,0.99785,3.39,0.61,9.4,8.14,90.0
0.44,2.4,0.214,0.9994,3.19,0.63,9.5,10.73,17.0
0.02,1.7,0.084,0.99538,3.36,0.54,10.5,8.01,44.0
0.47,2.1,0.066,0.9978,3.15,0.9,11.0,10.74,30.0
0.26,2.0,0.052,0.9951,3.15,0.79,10.9,7.96,96.0
0.59,2.6,0.087,0.9988,3.18,0.65,11.0,12.09,62.0
0.47,2.1,0.066,0.9978,3.15,0.9,11.0,10.74,30.0
0.02,2.3,0.063,0.9975,3.57,0.78,9.9,7.665,98.0
0.0,2.1,0.137,0.99476,3.5,0.4,10.9,9.18,14.0
0.49,2.0,0.27,0.9972,3.12,1.02,9.3,9.51,133.0
0.5,1.8,0.071,0.99462,3.21,0.69,12.5,9.5,23.0
0.32,12.9,0.054,0.99572,3.3,0.56,11.5,6.33,119.0
0.17,2.4,0.241,0.9961,3.4,0.59,10.3,7.535,24.0
0.32,2.1,0.062,0.99728,3.3,0.65,10.0,7.779999999999999,85.0
0.37,2.6,0.086,0.9981,3.16,0.52,9.9,11.43,96.0
0.49,1.7,0.07,0.9922,3.12,0.5,11.5,6.989999999999999,172.0
0.22,2.6,0.087,0.9982,3.26,0.61,9.3,8.915000000000001,25.0
0.41,8.9,0.069,0.99859,3.29,0.81,10.9,9.89,57.0
0.24,2.1,0.102,0.99462,3.44,0.58,11.4,7.29,11.0
0.53,2.4,0.074,0.9962,3.2,1.13,12.0,9.67,24.0
0.39,2.4,0.078,0.99444,3.31,0.77,12.5,8.610000000000001,60.0
0.0,1.7,0.081,0.9964,3.53,0.49,10.9,9.53,15.0
0.15,3.2,0.097,0.99976,3.28,0.54,9.6,9.76,68.0
0.49,2.6,0.079,0.9994,3.12,0.75,10.4,12.75,96.0
0.01,2.4,0.078,0.9955,3.55,0.61,12.8,7.45,49.0
0.0,4.3,0.093,0.99558,3.2,0.45,9.5,7.2299999999999995,128.5
0.58,2.1,0.054,0.998,3.31,0.88,10.5,11.3,26.0
0.11,1.9,0.09,0.9965,3.19,0.82,9.6,9.145,79.0
0.12,1.8,0.178,0.996,3.28,0.87,9.8,8.3,27.0
0.18,2.4,0.083,0.9963,3.29,0.6,10.2,8.31,26.0
0.66,2.3,0.387,0.9982,3.17,0.67,9.6,10.05,49.0
0.0,2.2,0.089,0.9978,3.37,0.46,9.6,8.979999999999999,39.0
0.27,2.3,0.082,0.99782,3.27,0.55,9.4,10.07,167.0
0.55,2.7,0.081,1.0006,2.98,0.54,9.4,13.58,21.0
0.47,2.0,0.061,0.99585,3.23,0.52,12.0,10.35,17.0
0.49,2.4,0.078,0.9978,3.23,0.58,9.2,9.44,147.0
0.08,1.8,0.097,0.9959,3.28,0.54,9.2,7.28,80.0
0.55,2.8,0.072,1.00012,3.09,0.68,10.9,13.4,31.0
0.12,3.0,0.067,0.9971,3.36,0.57,9.1,8.12,65.0
0.48,2.0,0.343,0.9979,3.3,0.71,10.5,11.2,24.0
0.41,2.3,0.088,0.9988,3.09,0.8,9.3,11.67,22.0
0.12,2.2,0.083,0.9966,3.52,0.62,10.2,7.6,41.0
0.15,1.8,0.072,0.9955,3.42,0.57,9.4,6.4799999999999995,25.0
0.42,2.8,0.09,0.999,3.28,0.7,9.5,10.89,108.0
0.1,3.0,0.091,0.99888,3.31,0.54,9.5,9.87,60.0
0.24,2.7,0.092,0.998,3.12,0.74,10.0,9.96,58.0
0.54,2.7,0.105,0.9988,3.25,0.63,9.5,10.68,24.0
0.24,2.5,0.226,0.9991,3.32,0.6,9.0,9.399999999999999,20.0
0.0,2.2,0.084,0.99656,3.25,0.5,9.8,8.969999999999999,41.0
0.0,2.1,0.041,0.99346,3.68,0.73,11.4,6.515,95.0
0.25,2.3,0.071,0.99633,3.42,0.97,10.6,6.42,81.0
0.0,2.2,0.073,0.9969,3.48,0.5,9.3,7.779999999999999,34.0
0.07,1.4,0.074,0.9973,3.32,0.81,9.6,7.720000000000001,25.0
0.49,4.3,0.1,1.001,3.25,0.74,11.9,13.1,19.0
0.3,2.0,0.062,0.9952,3.28,0.9,11.3,7.98,52.0
0.33,2.0,0.074,0.9968,3.25,0.54,9.4,8.39,144.0
0.68,1.7,0.414,0.99652,2.9,1.33,9.1,9.86,82.0
0.41,2.2,0.084,0.9984,3.08,0.67,9.3,11.200000000000001,24.0
0.34,2.5,0.08,0.9987,3.38,0.62,9.5,9.43,112.0
0.0,3.0,0.102,0.9965,3.45,0.56,10.7,7.575,31.0
0.49,1.4,0.075,0.9969,3.13,0.63,10.4,12.649999999999999,9.0
0.44,1.7,0.079,0.99605,3.52,0.63,10.7,8.84,18.0
0.42,5.5,0.07,0.9973,3.42,0.72,10.5,7.529999999999999,158.0
0.0,1.8,0.066,0.9976,3.62,0.68,9.9,7.57,86.0
0.13,2.4,0.056,0.99362,3.62,0.67,12.4,6.295,42.0
0.49,1.8,0.075,0.9977,3.18,1.06,11.0,10.64,26.0
0.19,1.8,0.082,0.99655,3.49,0.68,10.5,7.95,49.0
0.41,1.5,0.056,0.99396,3.29,0.71,11.0,8.23,41.0
0.19,1.7,0.079,0.99547,3.38,0.64,9.8,7.390000000000001,39.0
0.29,2.1,0.127,0.9968,3.22,0.72,11.2,9.780000000000001,22.0
0.0,2.6,0.055,0.99639,3.38,0.56,10.8,8.3,20.0
0.0,2.5,0.068,0.9969,3.48,0.56,9.6,7.805,27.0
0.05,1.4,0.045,0.9924,3.56,0.82,12.9,6.449999999999999,100.0
0.49,2.9,0.085,0.9982,3.29,0.6,9.8,9.270000000000001,127.0
0.51,1.7,0.415,0.99623,3.0,1.17,9.2,9.479999999999999,78.0
0.04,2.0,0.082,0.9976,3.22,0.44,9.6,8.96,32.0
0.34,2.6,0.094,0.99796,3.26,0.66,10.1,10.36,100.0
0.58,1.9,0.07,1.0004,3.06,0.49,9.0,13.73,55.0
0.33,2.5,0.064,0.9952,3.35,0.77,12.1,7.64,58.0
0.24,2.85,0.094,0.9982,3.1,0.53,9.2,9.38,141.0
0.39,1.4,0.066,0.9947,3.19,0.55,11.4,10.14,10.0
0.46,1.9,0.081,0.99628,3.1,0.48,10.4,10.53,15.0
0.34,6.6,0.112,1.00289,3.22,0.68,9.3,11.6,122.0
0.02,2.0,0.072,0.99575,3.36,0.61,10.2,7.57,43.0
0.1,2.1,0.112,0.9963,3.26,0.5,9.5,8.665000000000001,33.0
0.52,3.2,0.094,1.0014,3.05,0.81,9.5,13.64,70.0
0.32,2.1,0.079,0.99656,3.27,0.5,9.8,8.77,90.0
0.0,2.3,0.166,0.99551,3.56,0.51,10.8,7.285,18.0
0.44,2.1,0.107,0.9978,3.14,1.22,9.5,9.690000000000001,159.0
0.3,2.8,0.088,0.9976,3.26,0.51,9.3,9.41,63.0
0.09,2.3,0.049,0.9937,3.63,0.63,13.0,6.1,116.0
0.4,2.5,0.068,0.99754,3.38,0.86,10.5,10.6,95.0
0.5,2.0,0.099,0.99783,3.1,0.58,10.4,11.6,69.0
0.24,2.6,0.078,0.99788,3.21,0.57,9.5,9.729999999999999,167.0
0.09,2.2,0.063,0.99444,3.42,0.69,11.3,7.04,27.0
0.05,2.4,0.081,0.99814,3.36,0.53,10.0,9.82,122.0
0.26,7.2,0.07,0.9981,3.37,0.49,9.4,7.89,156.0
0.09,2.5,0.091,0.9976,3.34,0.86,10.6,9.219999999999999,69.0
0.21,2.2,0.047,0.99661,3.47,0.77,9.7,6.760000000000001,74.0
0.43,2.3,0.059,0.9966,3.15,0.57,11.0,10.73,46.0
0.31,2.8,0.089,0.9979,3.11,0.92,10.0,10.16,61.0
0.24,2.2,0.095,0.9946,3.57,0.57,11.7,6.5600000000000005,61.0
0.27,2.3,0.084,0.9978,3.24,0.53,9.4,10.385,176.0
0.39,2.5,0.077,0.99555,3.51,0.69,11.0,6.640000000000001,20.0
0.09,2.5,0.081,0.99538,3.57,0.63,12.0,6.84,41.0
0.17,1.6,0.073,0.99425,3.61,0.54,11.4,6.66,18.0
0.05,2.4,0.073,0.99258,3.56,0.55,12.9,6.205,44.0
0.34,2.0,0.079,0.998,3.15,0.53,9.5,11.040000000000001,183.0
0.63,2.8,0.084,0.9998,3.26,0.74,11.2,10.73,27.0
0.71,4.4,0.124,0.9984,3.01,0.83,11.8,12.04,21.0
0.08,2.1,0.105,0.9958,3.13,0.52,11.0,8.96,60.0
0.02,2.5,0.071,0.99538,3.51,0.71,11.7,8.334999999999999,24.0
0.0,2.1,0.064,0.995,3.54,0.93,10.7,6.51,94.0
0.24,1.7,0.078,0.99692,3.29,0.67,10.0,9.785,31.0
0.07,2.0,0.1,0.99598,3.6,0.74,11.7,7.5600000000000005,77.0
0.45,2.5,0.092,0.99918,3.15,0.43,9.4,10.35,108.0
0.03,1.5,0.08,0.99498,3.66,0.62,10.1,6.22,19.0
0.28,2.4,0.086,0.9979,3.24,0.53,9.4,10.48,177.0
0.62,2.6,0.082,1.0002,3.16,0.67,9.7,13.67,27.0
0.32,2.8,0.084,0.9984,3.32,0.62,9.4,9.48,143.0
0.39,3.2,0.083,0.9989,3.37,0.71,11.5,10.46,80.0
0.03,4.1,0.08,0.99592,3.02,0.47,9.2,8.08,73.0
0.31,1.7,0.079,0.99716,3.46,0.62,9.5,7.96,91.0
0.03,1.6,0.072,0.9956,3.37,0.48,9.0,7.85,59.0
0.0,1.6,0.089,0.9943,3.58,0.52,9.9,6.215,75.0
0.17,2.0,0.073,0.9972,3.29,0.61,9.2,8.42,24.0
0.23,1.7,0.077,0.99625,3.29,0.65,9.3,8.23,63.0
0.11,1.4,0.084,0.99578,2.88,0.47,9.7,10.69,32.0
0.01,1.6,0.077,0.995,3.16,0.46,9.8,8.33,22.0
0.1,2.4,0.08,0.99736,3.58,0.69,10.8,8.035,49.0
0.19,2.1,0.081,0.9962,3.33,0.54,9.5,8.36,120.0
0.49,1.9,0.171,0.9975,3.27,0.61,9.4,9.53,31.0
0.15,3.7,0.104,0.99786,3.14,0.58,9.1,7.91,123.0
0.02,2.1,0.115,0.99654,3.38,0.69,9.5,7.17,22.0
0.28,2.7,0.096,0.99734,3.26,0.63,10.2,9.33,86.0
0.49,4.6,0.118,1.0002,3.07,0.56,11.7,11.43,27.0
0.19,2.0,0.081,0.9962,3.32,0.54,9.5,8.36,125.0
0.06,1.3,0.07,0.9942,3.17,0.48,9.8,7.72,17.0
0.28,2.0,0.082,0.99694,3.45,0.48,9.4,7.4399999999999995,99.0
0.36,2.0,0.089,0.99745,3.31,0.57,10.4,9.035,70.0
0.4,1.4,0.091,0.99704,3.07,0.65,10.0333333333333,12.075,34.0
0.49,4.5,0.07,0.9981,3.05,0.57,9.6,12.96,75.0
0.2,11.0,0.071,1.0015,3.16,0.69,9.2,10.49,63.0
0.51,1.75,0.071,0.99524,3.33,0.76,11.8,8.68,133.0
0.06,2.1,0.08,0.99845,3.68,0.71,9.6,7.57,41.0
0.33,2.05,0.063,0.99516,3.26,0.84,11.7,9.389999999999999,40.0
0.01,3.7,0.103,0.99586,3.51,0.66,11.3,6.9799999999999995,86.0
0.07,1.9,0.058,0.99525,3.51,0.43,10.7,8.709999999999999,69.0
0.6,3.0,0.104,0.99828,3.39,0.68,10.6,8.479999999999999,32.0
0.21,2.2,0.071,0.9964,3.28,0.55,9.7,8.15,35.0
0.36,1.9,0.065,0.99419,3.27,0.54,11.2,8.24,15.0
0.49,2.1,0.07,0.9991,3.3,0.56,9.6,11.09,61.0
0.47,1.9,0.078,0.9976,3.18,1.04,10.9,10.76,30.0
0.13,2.6,0.085,0.9984,3.31,0.59,9.2,8.9,30.0
0.43,1.4,0.076,0.99551,3.21,0.75,10.2,9.25,33.0
0.37,1.8,0.046,0.9971,3.41,0.71,12.1,7.930000000000001,83.0
0.56,1.9,0.075,0.998,3.16,0.58,9.8,11.479999999999999,77.0
0.35,2.0,0.088,0.9963,3.28,0.62,9.4,7.785,101.0
0.45,2.6,0.065,0.9947,3.32,0.79,14.0,9.260000000000002,25.0
0.26,3.4,0.09,0.99975,3.24,0.62,9.7,9.91,112.0
0.0,1.8,0.075,0.9978,3.51,0.56,9.4,8.06,53.0
0.04,1.5,0.057,0.99525,3.42,0.6,9.5,7.41,15.0
0.49,2.5,0.067,0.9987,3.26,0.86,10.7,10.91,27.0
0.21,1.8,0.081,0.99689,3.59,0.66,9.8,7.04,45.0
0.36,5.9,0.074,0.9978,3.33,0.83,10.5,7.75,99.0
0.24,2.1,0.07,0.9966,3.12,0.59,9.9,10.015,25.0
0.1,1.8,0.102,0.99565,3.08,0.49,9.8,8.28,137.0
0.15,1.8,0.089,0.9968,3.23,0.77,9.5,9.015,62.0
0.33,1.7,0.061,0.996,3.23,1.1,10.0,7.53,16.0
0.0,2.0,0.083,0.99437,3.59,0.55,11.2,7.32,41.0
0.11,2.3,0.084,0.9979,3.4,0.48,9.9,9.4,43.0
0.37,1.6,0.067,0.99552,3.23,0.58,11.1,9.31,16.0
0.32,2.2,0.081,0.9964,3.3,0.72,11.0,8.76,111.0
0.34,1.8,0.075,0.9933,3.38,0.88,13.6,7.760000000000001,56.0
0.21,1.6,0.08,0.99689,3.58,0.66,9.8,7.03,44.0
0.06,1.8,0.05,0.99236,3.3,0.5,10.55,6.54,127.0
0.49,2.2,0.089,1.0002,3.19,0.44,9.6,12.8,19.0
0.32,2.2,0.069,0.99632,3.33,0.51,9.5,7.99,139.0
0.31,1.6,0.08,0.9978,3.31,0.64,9.0,7.92,57.0
0.01,2.2,0.059,0.99242,3.39,0.4,12.8,7.85,29.0
0.6,3.0,0.104,0.99828,3.39,0.68,10.6,8.479999999999999,32.0
0.5,3.0,0.078,1.0003,3.26,1.11,11.0,11.95,66.0
0.29,2.6,0.087,0.99645,3.39,0.68,11.0,7.760000000000001,98.0
0.76,3.7,0.1,1.0032,2.95,0.68,11.2,16.285,49.0
0.12,2.9,0.082,0.99865,3.3,0.64,10.4,10.37,104.0
0.06,1.6,0.05,0.99348,3.57,0.54,11.95,6.8500000000000005,24.0
0.42,2.3,0.07,0.99426,3.38,0.77,12.7,8.63,29.0
0.13,2.2,0.075,0.9959,3.36,0.59,9.7,7.55,50.0
0.39,1.8,0.068,0.99516,3.35,0.69,11.7,9.02,18.0
0.2,2.0,0.047,0.9955,3.36,0.44,10.9,8.66,75.0
0.24,1.6,0.05,0.9934,3.74,0.62,11.5,6.04,128.0
0.17,2.6,0.096,0.9978,3.4,0.53,9.5,8.620000000000001,58.0
0.5,13.8,0.205,1.00242,3.16,0.75,8.8,10.4,130.0
0.49,3.8,0.09,0.99498,3.27,0.64,12.1,8.600000000000001,35.0
0.23,1.9,0.082,0.99774,3.22,0.65,9.3,10.549999999999999,28.0
0.3,1.8,0.074,0.99419,3.24,0.7,11.4,7.760000000000001,41.0
0.04,2.2,0.092,0.99647,3.46,0.47,10.0,6.5,39.0
0.14,2.6,0.089,0.9984,3.39,0.63,9.8,9.82,32.0
0.45,2.0,0.08,0.99774,3.22,0.76,11.4,10.92,19.0
0.32,2.2,0.081,0.9964,3.3,0.72,11.0,8.76,111.0
0.0,1.6,0.042,0.9944,3.48,0.85,11.7,6.340000000000001,14.0
0.3,1.8,0.157,0.99727,3.31,0.91,9.5,8.3,47.0
0.11,1.5,0.079,0.9968,3.42,0.58,9.6,8.02,50.0
0.61,2.0,0.112,0.997,3.16,0.54,9.1,9.065000000000001,108.0
0.49,2.2,0.063,0.9976,3.14,0.51,9.8,10.91,58.0
0.14,2.4,0.085,0.9968,3.43,0.63,9.7,7.300000000000001,61.0
0.24,2.8,0.083,0.99685,3.35,0.56,10.0,8.725,72.0
0.29,2.1,0.075,0.99718,3.4,0.64,9.5,8.03,85.0
0.37,2.5,0.063,0.99439,3.52,0.8,12.4,7.45,52.0
0.24,2.4,0.077,0.9974,3.09,0.57,9.4,10.530000000000001,39.0
0.28,2.4,0.012,0.99064,3.26,0.39,11.7,6.98,136.0
0.58,2.8,0.096,1.00024,3.13,0.53,10.0,12.01,126.0
0.15,2.2,0.076,0.9961,3.41,0.59,10.1,7.45,59.0
0.02,2.2,0.072,0.99566,3.32,0.68,11.0666666666667,7.97,123.0
0.58,4.0,0.071,0.99935,3.22,0.78,10.1,11.27,82.0
0.08,2.6,0.089,0.99592,3.3,0.59,10.4,8.07,41.0
0.12,2.4,0.083,0.99836,3.33,0.65,10.4,9.8,36.0
0.02,1.9,0.078,0.99712,3.4,0.75,9.8,7.53,48.0
0.19,5.2,0.094,0.99713,3.16,0.52,9.56666666666667,8.185,117.0
0.26,2.5,0.097,0.9976,3.27,0.6,9.3,9.239999999999998,38.0
0.36,2.2,0.079,0.99615,3.33,0.86,12.0,9.51,42.0
0.49,1.8,0.039,0.99344,3.39,0.56,12.4,7.319999999999999,26.0
0.63,2.9,0.072,0.9968,3.16,0.78,12.5,10.69,36.0
0.2,2.4,0.076,0.99735,3.31,0.64,9.4,9.115,48.0
0.33,2.5,0.099,0.99818,3.24,0.71,10.8,11.25,58.0
0.66,2.5,0.072,0.9992,3.05,0.56,10.0,12.48,43.0
0.22,1.9,0.08,0.9974,3.13,0.55,9.5,10.58,41.0
0.04,2.3,0.092,0.997,3.26,0.65,9.8,8.56,69.0
0.06,1.6,0.069,0.9964,3.3,0.46,9.4,8.5,74.0
0.24,2.0,0.072,0.996,3.27,0.54,9.4,8.43,120.0
0.65,6.4,0.08,0.99817,3.27,0.58,11.0,8.969999999999999,11.0
0.54,2.7,0.095,1.0001,3.13,0.51,9.5,11.49,122.0
0.14,2.0,0.084,0.9981,3.14,0.56,9.7,9.99,73.0
0.66,5.8,0.083,1.0022,3.07,0.73,10.0,13.415000000000001,49.0
0.4,2.2,0.06,0.99474,3.26,0.64,11.8,8.02,32.0
0.49,5.6,0.06,0.9974,3.34,0.76,10.5,7.49,147.0
0.33,2.4,0.068,0.9947,3.36,0.6,11.9,7.75,35.0
0.21,1.6,0.106,0.9966,3.17,0.91,9.5,8.33,47.0
0.43,2.5,0.076,0.99672,3.53,0.81,10.4,8.399999999999999,82.0
0.3,1.6,0.08,0.99693,3.44,0.5,9.4,7.46,105.0
0.03,2.3,0.075,0.99545,3.36,0.58,10.4,7.4399999999999995,45.0
0.44,2.6,0.066,0.99494,3.3,0.84,11.5,7.59,70.0
0.12,2.2,0.143,0.9964,3.35,0.65,10.2,8.615,30.0
0.16,1.8,0.078,0.9977,3.5,0.7,9.9,8.08,51.0
0.04,2.0,0.082,0.9976,3.22,0.44,9.6,8.96,32.0
0.24,2.6,0.087,0.9998,3.48,0.54,9.8,10.12,105.0
0.38,2.8,0.068,0.99356,3.34,0.72,12.9,7.58,65.0
0.0,5.6,0.124,0.9997,3.46,0.72,10.2,7.49,79.0
0.41,2.4,0.103,0.99604,3.13,0.58,11.9,9.38,16.0
0.37,2.2,0.075,0.998,3.22,0.62,9.2,9.74,18.0
0.16,1.4,0.08,0.9955,3.34,0.56,9.3,6.6899999999999995,34.0
0.45,1.9,0.052,0.9948,3.35,0.7,12.5,9.33,22.0
0.49,2.4,0.075,0.9978,3.14,0.61,10.4,10.44,38.0
0.52,1.6,0.113,0.9969,3.25,0.58,9.5,8.989999999999998,49.0
0.68,1.7,0.467,0.9973,3.08,1.31,9.3,8.209999999999999,87.0
0.0,2.6,0.093,0.9994,3.36,0.86,9.4,9.885,39.0
0.04,3.8,0.084,0.9978,3.34,0.53,9.5,8.32,70.0
0.19,1.5,0.161,0.99395,3.62,0.61,11.0,6.015,69.0
0.26,2.2,0.06,0.9959,3.3,0.43,10.1,8.77,93.0
0.09,1.7,0.178,0.9962,3.3,0.57,9.0,8.37,99.0
0.12,1.7,0.097,0.99596,3.16,0.49,9.4,8.09,46.0
0.32,1.8,0.067,0.9928,3.36,0.55,12.8,7.16,12.0
0.22,1.9,0.084,0.9961,3.31,0.48,9.5,8.39,112.0
0.22,2.1,0.08,0.99613,3.3,0.49,9.9,8.6,130.0
0.0,2.1,0.068,0.99533,3.48,0.65,11.4,8.315,65.0
0.1,2.6,0.068,0.99562,3.3,0.47,10.5,7.79,18.0
0.15,2.1,0.054,0.9934,3.9,0.56,13.1,5.119999999999999,73.0
0.48,2.6,0.077,0.99852,3.09,0.53,11.0,11.92,28.0
0.49,2.5,0.085,0.9978,3.22,0.55,9.4,9.700000000000001,180.0
0.4,1.5,0.073,0.99556,3.14,0.51,10.9,9.995,35.0
0.03,2.3,0.078,0.99743,3.53,0.57,9.7,7.86,102.0
0.49,1.4,0.075,0.9969,3.13,0.63,10.4,12.649999999999999,9.0
0.02,3.4,0.084,0.99892,3.48,0.49,11.0,9.32,17.0
0.24,2.1,0.072,0.9956,3.22,0.66,12.8,10.57,48.0
0.02,2.6,0.077,0.99557,3.36,0.62,10.8,8.07,46.0
0.52,2.2,0.071,1.0006,3.1,0.56,9.0,13.66,47.0
0.4,2.9,0.098,1.0006,3.48,0.91,9.7,10.29,36.0
0.31,8.8,0.084,0.99824,3.38,0.64,10.1,7.21,71.0
0.4,1.4,0.091,0.99704,3.07,0.65,10.0333333333333,12.075,34.0
0.04,2.5,0.076,0.99745,3.53,0.55,9.5,7.8,106.0
0.13,2.3,0.076,0.99574,3.42,0.75,11.0,6.81,69.0
0.4,2.2,0.079,0.998,3.44,0.64,9.2,9.200000000000001,71.0
0.34,2.0,0.064,0.99516,3.26,0.84,11.7,9.4,37.0
0.29,2.0,0.11,0.9972,2.93,1.98,9.8,9.09,152.0
0.36,1.8,0.222,0.998,3.18,0.6,9.5,8.790000000000001,22.0
0.08,2.0,0.09,0.9949,3.45,0.58,10.5,6.8,76.0
0.21,2.2,0.071,0.9964,3.28,0.55,9.7,8.15,35.0
0.44,3.6,0.071,0.9986,3.12,0.82,9.3,11.66,25.0
0.02,1.3,0.034,0.9921,3.9,0.62,12.8,5.569999999999999,62.0
0.66,2.6,0.088,1.001,3.17,0.68,9.8,12.98,51.0
0.49,2.5,0.088,0.9966,3.36,0.78,11.0,7.665,145.0
0.01,2.0,0.074,0.99748,3.48,0.65,9.8,8.01,51.0
0.23,2.0,0.072,0.99438,3.4,0.84,11.2,7.41,35.0
0.02,2.5,0.076,0.9972,3.44,0.52,9.3,7.93,58.0
0.54,1.5,0.095,0.99735,3.02,0.76,9.9,12.01,63.0
0.38,1.5,0.096,0.99666,3.2,0.52,9.4,9.12,23.0
0.19,1.8,0.104,0.9964,3.19,0.93,9.5,8.36,59.0
0.34,2.3,0.094,0.99864,3.24,0.6,9.7,10.3,55.0
0.2,2.6,0.332,0.9968,3.21,0.9,10.5,7.99,22.0
0.38,2.5,0.08,0.9978,3.3,0.47,9.0,8.54,69.0
0.04,1.9,0.146,0.9984,3.16,0.7,9.4,9.62,117.0
0.36,1.6,0.089,0.99615,3.34,0.56,9.2,7.43,51.0
0.01,1.9,0.08,0.99746,3.69,0.73,10.5,7.21,33.0
0.04,2.1,0.068,0.9955,3.39,0.64,9.4,7.1,20.0
0.2,2.0,0.073,0.99494,3.1,0.43,9.3,8.08,78.0
0.49,2.6,0.094,0.9982,3.08,0.59,9.1,9.57,144.0
0.57,2.0,0.074,0.9969,3.28,0.79,10.7,9.620000000000001,92.0
0.37,0.9,0.049,0.99007,2.89,0.44,12.7,8.18,145.0
0.33,1.9,0.074,0.99706,3.41,0.58,9.0,8.09,112.0
0.41,5.9,0.073,0.99658,3.3,0.62,12.1,9.13,20.0
0.53,2.2,0.06,0.99572,3.02,0.83,10.9,11.41,13.0
0.2,1.8,0.077,0.9971,3.54,0.58,9.3,7.41,76.0
0.36,2.0,0.081,0.9972,3.48,0.64,9.2,7.615,58.0
0.31,2.5,0.126,0.99746,3.1,0.74,9.6,9.16,88.0
0.09,2.3,0.049,0.9937,3.63,0.63,13.0,6.1,116.0
0.2,1.6,0.069,0.9958,3.41,0.56,9.2,6.65,18.0
0.3,4.5,0.068,0.99914,3.3,1.17,10.2,7.6,130.0
0.22,2.1,0.077,0.9967,3.29,0.51,9.2,8.674999999999999,77.0
0.0,1.7,0.07,0.99659,3.26,0.64,9.4,8.35,24.0
0.49,6.3,0.064,0.9988,3.21,0.73,11.0,9.96,22.0
0.42,1.5,0.145,0.99832,3.38,0.86,9.9,10.84,82.0
0.39,15.5,0.069,1.0026,3.12,0.66,9.2,10.879999999999999,29.0
0.48,1.7,0.1,0.9961,3.19,0.62,9.5,8.43,110.0
0.06,1.7,0.074,0.99615,3.35,0.48,9.8,8.23,48.0
0.42,2.4,0.213,0.9994,3.19,0.62,9.5,10.71,20.0
0.6,2.6,0.081,0.9996,3.1,0.73,10.5,12.88,103.0
0.45,2.6,0.119,0.99708,3.23,0.72,10.9,11.1,102.0
0.01,2.5,0.078,0.9963,3.34,0.74,11.7,8.55,55.0
0.0,1.4,0.096,0.99569,3.43,0.58,9.5,8.56,19.0
0.25,2.0,0.07,0.9963,3.25,0.63,9.2,7.5,25.0
0.47,1.7,0.054,0.99686,3.15,0.67,10.6,11.979999999999999,49.0
0.63,1.6,0.081,0.99588,3.3,0.78,10.8,8.3,45.0
0.0,2.5,0.093,1.0002,3.5,0.65,9.3,8.79,77.0
0.34,1.4,0.05,0.99554,3.12,0.48,9.1,9.74,14.0
0.42,2.0,0.086,0.99546,3.35,0.6,11.4,8.24,27.0
0.03,2.3,0.059,0.9952,3.52,0.56,12.3,7.4399999999999995,80.0
0.18,1.9,0.08,0.9972,3.3,0.59,9.0,8.645,48.0
0.55,3.2,0.076,0.9996,3.15,0.89,9.9,10.81,76.0
0.54,2.5,0.094,0.9984,3.28,0.82,9.6,10.02,111.0
0.32,2.0,0.062,0.9947,3.23,0.73,11.3,7.57,43.0
0.0,2.2,0.087,0.99378,3.71,0.63,12.8,6.26,14.0
0.32,2.0,0.062,0.9947,3.23,0.73,11.3,7.57,43.0
0.12,2.6,0.092,0.9994,3.51,0.72,10.0,9.005,40.0
0.2,1.4,0.086,0.9946,3.11,0.46,10.0,9.084999999999999,38.0
0.02,1.7,0.084,0.99538,3.36,0.54,10.5,8.01,44.0
0.21,2.3,0.087,0.9955,3.12,0.44,9.2,8.39,89.0
0.28,2.8,0.068,0.99682,3.24,0.53,10.3,7.58,22.0
0.0,1.7,0.069,0.99701,3.31,0.53,10.0,9.5,27.0
0.34,2.7,0.082,0.998,3.55,0.6,9.5,7.45,88.0
0.26,1.9,0.088,0.9981,3.43,0.74,9.2,8.26,76.0
0.0,1.9,0.097,0.99675,3.37,0.58,9.0,7.83,52.0
0.24,1.7,0.077,0.9948,3.39,0.6,10.6,7.16,52.0
0.46,3.6,0.078,0.9973,3.35,0.86,12.8,8.25,52.0
0.48,2.5,0.063,0.9998,3.12,0.59,9.3,10.83,31.0
0.01,1.9,0.08,0.99683,3.4,0.73,9.7,7.48,94.0
0.12,2.0,0.082,0.997,3.37,0.5,9.4,8.36,35.0
0.3,4.5,0.068,0.99914,3.3,1.17,10.2,7.6,130.0
0.21,1.7,0.074,0.9968,3.2,0.52,9.5,8.93,18.0
0.0,2.0,0.084,0.9983,3.61,0.96,9.9,7.96,29.0
0.32,2.1,0.064,0.99576,3.3,0.8,11.2,9.469999999999999,19.0
0.11,2.4,0.043,0.99354,3.3,0.65,11.4,7.3500000000000005,18.0
0.23,2.1,0.088,0.9962,3.32,0.48,9.5,8.370000000000001,113.0
0.04,1.4,0.045,0.9938,3.75,0.48,10.5,6.02,126.0
0.27,1.9,0.058,0.99518,3.16,0.85,11.1,8.97,56.0
0.12,10.7,0.073,0.9993,3.45,0.52,9.4,7.505000000000001,123.0
0.34,3.6,0.082,0.9987,3.29,0.52,10.7,9.9,19.0
0.52,1.8,0.132,0.99734,3.28,0.77,11.5,11.22,61.0
0.22,2.0,0.1,0.9967,3.2,0.56,10.2,9.129999999999999,34.0
0.1,2.1,0.079,0.9986,3.23,0.56,10.1,10.235,37.0
0.26,2.4,0.082,0.9978,3.28,0.55,9.4,10.085,166.0
0.36,2.3,0.075,0.9976,3.34,0.46,9.4,8.43,58.0
0.54,1.9,0.083,0.99451,2.98,0.63,11.8,10.26,116.0
0.4,6.3,0.05,0.99566,3.28,0.56,12.0,8.9,13.0
0.0,1.9,0.076,0.9978,3.51,0.56,9.4,8.1,45.0
0.21,1.9,0.083,0.99532,3.34,0.47,10.5,9.18,55.0
0.08,1.9,0.068,0.99651,3.42,0.82,9.5,7.42,66.0
0.0,2.4,0.104,0.9966,3.52,0.55,10.7,7.585,44.0
0.48,1.8,0.069,0.9959,3.44,0.78,10.3,6.6,79.0
0.45,1.8,0.075,0.99552,3.41,0.76,11.9,9.02,31.0
0.47,2.0,0.086,0.997,3.36,0.57,9.1,7.9,94.0
0.21,2.7,0.097,0.9988,3.28,0.58,9.6,9.83,94.0
0.18,2.5,0.077,0.99739,3.2,0.47,9.7,9.645,63.0
0.41,2.2,0.084,0.9984,3.08,0.67,9.3,11.200000000000001,24.0
0.08,1.9,0.077,0.99528,3.6,0.68,10.3,6.63,69.0
0.3,1.7,0.08,0.9969,3.41,0.65,9.5,7.7,112.0
0.3,2.0,0.06,0.9958,3.26,0.56,10.2,8.67,100.0
0.02,2.3,0.082,0.99744,3.55,0.53,9.7,7.6899999999999995,118.0
0.03,2.0,0.08,0.99578,3.44,0.64,10.9,8.23,70.0
0.45,2.3,0.071,0.9991,3.39,0.62,9.4,10.440000000000001,56.0
0.32,2.7,0.067,0.99628,3.24,0.44,10.4,7.92,32.0
0.0,1.6,0.092,0.99635,3.38,0.58,10.0,8.21,53.0
0.01,1.8,0.088,0.99568,3.32,0.56,10.5,8.28,30.0
0.31,2.0,0.079,0.99668,3.47,0.55,9.5,7.3100000000000005,72.0
0.05,1.8,0.075,0.99616,3.3,0.44,9.6,9.755,24.0
0.05,2.7,0.075,0.9974,3.26,0.61,9.1,8.39,42.0
0.07,1.8,0.1,0.9961,3.3,0.58,9.6,8.040000000000001,31.0
0.0,2.2,0.088,0.99756,3.58,0.67,10.2,8.365,48.0
0.0,2.2,0.08,0.99765,3.41,0.6,9.4,8.035,46.0
0.24,2.2,0.07,0.996,3.33,0.48,9.4,7.69,41.0
0.19,3.2,0.075,0.9956,3.56,0.52,12.7,6.66,54.0
0.0,1.7,0.076,0.99612,3.31,0.62,10.7,8.379999999999999,78.0
0.04,1.6,0.039,0.9962,3.4,0.47,9.4,8.36,13.0
0.0,1.9,0.084,0.99672,3.34,0.49,9.7,8.255,18.0
0.34,2.3,0.05,0.9951,3.4,0.64,11.0,7.77,12.0
0.31,2.0,0.079,0.99677,3.29,0.69,9.5,8.47,89.0
0.21,1.7,0.045,0.99341,3.32,0.44,9.5,6.090000000000001,192.0
0.16,1.9,0.085,0.9968,3.38,0.62,9.5,8.02,47.0
0.68,3.5,0.358,0.9972,3.25,1.08,9.9,7.970000000000001,15.0
0.32,2.5,0.08,0.99801,3.22,1.07,9.7,8.42,148.0
0.3,3.4,0.079,0.99788,3.36,0.61,10.5,8.73,41.0
0.2,7.8,0.073,0.9977,3.29,0.54,9.2,7.324999999999999,108.0
0.0,1.9,0.097,0.99675,3.37,0.58,9.0,7.83,52.0
0.25,2.0,0.083,0.99815,3.28,0.6,10.0,9.245,36.0
0.55,1.8,0.117,0.9968,3.17,0.62,9.4,8.77,173.0
0.1,2.1,0.048,0.99448,3.44,0.76,10.8,6.7700000000000005,15.0
0.22,2.2,0.106,0.9959,3.05,0.63,9.2,7.95,84.0
0.0,1.6,0.065,0.9966,3.56,0.84,9.4,6.78,26.0
0.04,2.2,0.119,0.9962,3.21,0.6,10.9,9.350000000000001,70.0
0.21,1.5,0.069,0.99458,3.16,0.54,9.8,8.27,13.0
0.15,5.1,0.076,0.99622,3.54,0.6,11.9,6.9,40.0
0.44,1.6,0.063,0.9985,3.22,0.78,10.0,11.120000000000001,53.0
0.32,1.8,0.065,0.99714,3.46,0.78,9.9,7.59,94.0
0.5,1.8,0.09,0.99734,3.15,0.57,10.5,11.67,67.0
0.07,5.5,0.089,0.99684,3.37,0.68,11.2,7.68,28.0
0.36,6.1,0.071,0.9978,3.35,0.8,10.5,8.0,119.0
0.69,2.8,0.095,0.9994,3.1,0.61,10.8,12.290000000000001,52.0
0.01,2.2,0.059,0.99242,3.39,0.4,12.8,7.85,29.0
0.29,1.6,0.081,0.99603,3.25,0.54,10.3,8.629999999999999,72.0
0.12,2.5,0.068,0.996,3.34,0.61,11.6,8.345,46.0
0.23,3.2,0.073,0.99675,3.26,0.57,9.3,8.57,136.0
0.29,3.1,0.194,0.99536,3.22,0.78,12.0,8.71,40.0
0.58,3.5,0.094,1.0004,3.29,0.58,9.0,10.39,52.0
0.31,2.5,0.096,0.9982,3.19,0.7,10.0,9.98,65.0
0.02,2.4,0.069,0.99358,3.47,0.45,11.0,6.739999999999999,72.0
0.0,1.9,0.114,0.99636,3.35,0.6,9.7,7.6899999999999995,13.0
0.49,4.2,0.095,1.00315,2.92,0.74,11.1,16.245,33.0
0.13,2.4,0.078,0.99528,3.43,0.59,10.8,7.92,95.0
0.27,2.3,0.055,0.99516,3.18,0.8,11.2,9.07,42.0
0.51,1.7,0.415,0.99623,3.0,1.17,9.2,9.479999999999999,78.0
0.0,1.8,0.062,0.99352,3.44,0.55,12.3,7.1,49.0
0.52,2.3,0.083,0.9976,3.35,0.61,11.3,9.629999999999999,37.0
0.3,2.2,0.053,0.9965,2.94,1.62,9.5,7.409999999999999,163.0
0.22,2.2,0.079,0.9976,3.18,0.51,9.6,9.875,60.0
0.6,2.6,0.073,0.99656,3.38,0.79,11.1,7.949999999999999,67.0
0.0,1.8,0.05,0.9916,3.68,0.79,14.0,5.54,90.0
0.73,6.55,0.074,0.999,3.17,0.85,12.0,10.84,114.0
0.12,1.8,0.072,0.99504,3.38,0.89,11.8,9.02,84.0
0.24,1.7,0.078,0.99692,3.29,0.67,10.0,9.785,31.0
0.0,2.4,0.088,0.999,3.35,0.6,9.3,9.69,57.0
0.11,2.2,0.048,0.99182,3.54,0.88,13.5666666666667,5.77,105.0
0.22,1.8,0.074,0.99438,3.4,0.82,11.2,7.359999999999999,39.0
0.13,3.45,0.088,0.9994,3.44,0.52,11.5,9.775,18.0
0.74,5.15,0.1,0.9996,3.22,0.62,11.2,11.7,22.0
0.42,2.3,0.087,0.9972,3.58,0.61,10.5,8.02,46.0
0.29,2.2,0.054,0.99666,3.4,0.76,10.9,7.65,68.0
0.02,2.1,0.066,0.9972,3.47,0.67,9.5,7.65,33.0
0.05,2.0,0.07,0.99562,3.51,0.66,10.8,7.609999999999999,20.0
0.0,1.4,0.07,0.99593,3.25,0.64,10.0,8.83,20.0
0.18,2.1,0.042,0.9924,3.46,0.87,12.9,5.609999999999999,117.0
0.09,2.1,0.062,0.99584,3.35,0.54,10.5,7.51,13.0
0.09,1.7,0.089,0.99402,3.67,0.56,11.6,6.140000000000001,42.0
0.0,1.2,0.065,0.9946,3.39,0.47,10.0,7.95,36.0
0.3,1.9,0.065,0.99774,3.32,0.71,10.5,9.6,25.0
0.45,2.0,0.082,0.9988,2.94,0.66,9.2,11.64,21.0
0.37,2.2,0.057,0.99614,3.23,0.49,9.3,10.43,50.0
0.66,2.95,0.116,0.997,3.24,0.75,11.7,10.92,41.0
0.2,2.1,0.097,0.99733,3.13,0.48,9.2,9.16,136.0
0.14,2.4,0.114,0.99732,3.66,0.65,9.8,6.96,46.0
0.1,2.1,0.112,0.9963,3.26,0.5,9.5,8.665000000000001,33.0
0.39,2.0,0.061,0.9981,3.18,0.62,9.5,11.16,22.0
0.07,2.5,0.091,0.99572,3.38,0.6,11.3,7.6899999999999995,36.0
0.48,1.9,0.066,0.99724,3.33,0.87,10.9,10.66,16.0
0.4,2.2,0.058,0.99536,3.31,0.68,11.2,8.51,16.0
0.52,1.8,0.132,0.99734,3.28,0.77,11.5,11.22,61.0
0.3,2.0,0.085,0.99346,3.33,0.46,11.9,7.43,45.0
0.76,1.8,0.611,0.9968,3.06,1.26,9.4,8.11,53.0
0.38,1.5,0.058,0.99676,3.26,0.82,10.6,10.25,78.0
0.01,2.3,0.079,0.99514,3.4,0.61,10.9,7.699999999999999,61.0
0.48,1.8,0.067,0.9967,3.32,1.04,10.6,9.379999999999999,72.0
0.24,2.5,0.078,0.99648,3.6,0.59,11.1,7.7299999999999995,94.0
0.34,2.7,0.087,0.9982,3.26,0.61,9.5,9.32,146.0
0.0,1.8,0.05,0.9916,3.68,0.79,14.0,5.54,90.0
0.24,2.8,0.105,0.9998,3.24,0.67,9.9,11.040000000000001,82.0
0.46,2.1,0.074,0.99534,3.4,0.85,11.0,7.5600000000000005,68.0
0.2,2.8,0.09,0.998,3.34,0.7,9.6,8.87,76.0
0.0,2.3,0.166,0.99551,3.56,0.51,10.8,7.385,18.0
0.15,1.8,0.118,0.9954,3.42,0.67,11.3,7.47,33.0
0.72,2.2,0.072,0.9987,2.88,0.82,9.8,12.91,35.0
0.49,2.7,0.098,1.0004,3.16,0.61,10.3,12.280000000000001,54.0
0.22,2.3,0.075,0.99688,3.24,0.54,9.5,8.715,94.0
0.5,2.0,0.337,0.9964,3.04,1.61,9.5,9.49,108.0
0.09,5.5,0.117,0.99655,3.35,0.49,10.8,7.324999999999999,26.0
0.25,2.6,0.073,0.99615,3.37,0.58,10.5,8.13,92.0
0.14,2.5,0.093,0.99724,3.36,0.54,10.1,9.15,67.0
0.02,2.6,0.077,0.99557,3.36,0.62,10.8,8.07,46.0
0.64,2.1,0.059,0.998,3.21,0.67,10.2,12.04,20.0
0.14,2.5,0.086,0.99824,3.34,0.64,10.5,9.65,39.0
0.2,1.5,0.08,0.9972,3.16,1.12,9.1,8.925,146.0
0.1,2.3,0.074,0.9959,3.42,0.58,10.2,7.390000000000001,42.0
0.54,2.8,0.103,0.99939,3.21,0.76,11.3,13.01,60.0
0.0,2.2,0.065,0.99378,3.49,0.52,11.6,7.195,80.0
0.37,1.4,0.076,0.9974,3.26,0.7,9.6,8.56,31.0
0.21,1.7,0.074,0.9968,3.2,0.52,9.5,8.93,18.0
0.0,1.8,0.044,0.99157,3.68,0.73,13.6,5.52,106.0
0.49,4.2,0.095,1.00315,2.92,0.74,11.1,16.145,33.0
0.12,5.1,0.111,0.9983,3.26,0.77,9.4,8.13,160.0
0.01,1.5,0.06,0.9952,3.4,0.58,9.8,7.1,43.0
0.0,2.4,0.052,0.99318,3.35,0.66,12.7,7.76,17.0
0.01,2.0,0.074,0.99748,3.48,0.65,9.8,8.01,51.0
0.0,2.1,0.079,0.9956,3.39,0.84,11.4,7.54,94.0
0.13,2.0,0.076,0.9973,3.61,0.64,9.8,7.24,51.0
0.58,3.7,0.174,0.997,3.19,0.7,11.3,10.74,22.0
0.52,2.8,0.159,0.9998,3.18,0.64,9.4,10.64,90.0
0.55,2.3,0.084,1.0,3.17,0.71,9.5,11.87,19.0
0.26,3.8,0.107,0.99668,3.26,0.46,9.2,8.67,98.0
0.42,1.8,0.077,0.9976,3.21,1.05,10.8,10.74,28.0
0.21,2.2,0.077,0.9956,3.27,0.45,9.9,8.34,165.0
0.67,3.0,0.093,0.9986,3.02,0.93,12.0,14.290000000000001,21.0
0.34,5.1,0.062,0.9974,3.22,0.94,10.9,8.44,30.0
0.26,2.0,0.088,0.9981,3.41,0.74,9.2,8.34,71.0
0.01,1.8,0.088,0.99568,3.32,0.56,10.5,8.28,30.0
0.03,2.2,0.08,0.99745,3.53,0.58,9.8,7.83,105.0
0.09,2.3,0.065,0.99417,3.46,0.74,12.7,8.37,79.0
0.57,2.3,0.106,0.99605,3.36,0.55,11.4,7.88,17.0
0.24,2.2,0.087,0.9988,3.14,0.6,10.2,10.28,33.0
0.5,4.3,0.046,0.9902,3.49,0.66,13.6,5.4,109.0
0.65,7.5,0.096,0.9976,2.98,0.84,14.9,16.26,93.0
0.17,2.0,0.073,0.9972,3.29,0.61,9.2,8.42,24.0
0.09,1.5,0.172,0.994,3.5,0.48,9.8,6.83,26.0
0.36,2.3,0.075,0.9976,3.34,0.46,9.4,8.43,58.0
0.26,1.9,0.079,0.9964,3.23,0.54,9.5,8.42,182.0
0.33,1.8,0.059,0.99531,3.36,0.64,10.1,7.13,44.0
0.4,2.8,0.109,0.99614,3.31,0.79,11.8,9.110000000000001,23.0
0.2,8.1,0.098,0.99892,3.2,0.58,9.2,8.27,122.0
0.08,1.8,0.074,0.99529,3.12,0.49,9.6,7.279999999999999,104.0
0.13,2.0,0.076,0.99546,3.29,0.54,10.1,7.8950000000000005,32.0
0.31,3.0,0.086,1.0002,3.48,0.74,11.6,9.389999999999999,104.0
0.58,3.0,0.103,1.0008,3.16,1.0,11.5,12.89,127.0
0.0,1.9,0.08,0.9972,3.47,0.55,9.4,7.81,49.0
0.25,3.9,0.104,0.99784,3.15,0.57,9.1,8.02,118.0
0.02,2.0,0.062,0.99374,3.35,0.76,11.6,7.18,90.0
0.42,2.0,0.071,0.99566,3.14,0.79,11.1,10.639999999999999,27.0
0.24,1.8,0.36,0.9964,3.0,1.59,9.5,8.205,78.0
0.44,2.9,0.065,0.99674,3.33,0.62,12.2,10.46,12.0
0.5,2.5,0.055,0.9952,3.34,0.79,13.3,9.61,37.0
0.48,2.1,0.052,0.99458,3.2,0.69,12.1,10.54,14.0
0.0,4.1,0.095,0.99854,3.36,0.53,9.6,8.92,19.0
0.24,1.9,0.108,0.9967,3.26,0.59,9.3,8.03,120.0
0.1,2.9,0.089,0.99803,3.29,0.55,9.5,8.950000000000001,57.0
0.59,1.4,0.073,0.998,2.92,0.68,10.5,12.5,65.0
0.09,2.3,0.065,0.99685,3.32,0.55,9.0,9.2,44.0
0.03,2.1,0.092,0.9966,3.39,0.47,9.6,8.135,29.0
0.46,2.1,0.074,0.99649,3.27,0.74,12.3,10.12,21.0
0.26,1.9,0.073,0.99612,3.3,0.53,9.8,8.11,112.0
0.01,1.9,0.08,0.99746,3.69,0.73,10.5,7.21,33.0
0.53,2.5,0.091,0.9976,3.37,0.8,9.6,8.33,98.0
0.49,2.6,0.25,0.999,3.31,0.79,10.7,10.3,25.0
0.24,2.0,0.071,0.99576,3.44,0.58,10.1,7.54,82.0
0.48,2.1,0.093,0.99408,3.26,0.62,12.4,8.58,18.0
0.36,1.7,0.081,0.99702,3.27,0.78,10.9,9.790000000000001,17.0
0.34,2.0,0.071,0.99769,3.44,0.86,10.2,9.35,112.0
0.19,4.0,0.094,0.99787,3.22,0.5,10.0,9.41,99.0
0.24,2.3,0.063,0.99613,3.25,0.53,10.2,8.639999999999999,38.0
0.44,1.9,0.085,0.99708,3.28,0.55,9.5,9.73,31.0
0.2,2.0,0.075,0.9987,3.48,0.62,9.3,8.26,48.0
0.11,2.6,0.079,0.9968,3.21,0.57,10.0,8.06,61.0
0.4,1.6,0.063,0.9952,3.5,0.63,11.1,7.23,88.0
0.49,2.4,0.064,0.9999,3.08,0.87,10.9,13.06,32.0
0.64,2.2,0.093,0.9986,3.54,0.66,10.5,9.21,51.0
0.01,1.7,0.054,0.9934,3.57,0.84,12.5,5.87,32.0
0.76,4.2,0.066,1.0004,3.22,0.6,13.0,12.37,45.0
0.21,2.0,0.08,0.9961,3.33,0.47,9.5,7.68,42.0
0.21,2.2,0.088,0.99692,3.33,0.83,11.1,9.4,60.0
0.25,2.0,0.078,0.99612,3.3,0.48,10.2,8.52,78.0
0.07,2.5,0.091,0.99572,3.38,0.6,11.3,7.6899999999999995,36.0
0.43,2.2,0.11,0.99728,3.16,0.67,10.8,10.61,48.0
0.41,7.9,0.086,0.9998,3.27,0.57,9.3,9.495000000000001,139.0
0.49,1.8,0.115,0.9968,3.21,0.71,9.3,8.39,132.0
0.24,2.0,0.067,0.99576,3.43,0.54,10.0,7.6499999999999995,76.0
0.57,4.6,0.08,0.99652,3.28,0.57,12.5,9.5,26.0
0.03,2.3,0.054,0.99508,3.45,0.63,11.5,7.640000000000001,23.0
0.45,6.4,0.073,0.9976,3.23,0.82,12.6,10.620000000000001,18.0
0.14,2.4,0.086,0.9975,3.42,0.6,10.8,8.4,18.0
0.06,1.6,0.076,0.9972,3.36,0.7,9.6,7.7700000000000005,36.0
0.02,1.9,0.078,0.99712,3.4,0.75,9.8,7.53,48.0
0.21,2.1,0.07,0.99546,3.38,0.6,10.3,7.4799999999999995,32.0
0.29,2.6,0.109,0.99801,3.15,0.5,9.1,8.99,150.0
0.23,2.8,0.092,0.9983,3.1,0.56,9.2,9.46,132.0
0.25,1.9,0.074,0.9974,3.57,0.62,9.8,6.7700000000000005,70.0
0.12,1.8,0.072,0.99504,3.38,0.89,11.8,9.02,84.0
0.39,2.3,0.095,0.9986,3.37,0.58,10.3,9.49,27.0
0.39,2.2,0.064,0.9984,3.26,0.65,10.2,9.71,43.0
0.25,2.8,0.075,0.99779,3.23,0.57,9.7,9.58,113.0
0.2,1.75,0.058,0.99322,3.38,0.49,11.7,7.48,30.0
0.02,1.8,0.067,0.997,3.46,0.68,9.5,6.970000000000001,15.0
0.16,1.9,0.1,0.9966,3.27,0.64,9.3,7.835,92.0
0.45,2.1,0.216,0.99358,3.15,0.81,12.5,8.31,21.0
0.14,2.8,0.076,0.99624,3.36,0.49,10.7,7.56,52.0
0.5,2.3,0.079,0.9997,3.5,0.57,9.7,10.2,99.0
0.19,1.8,0.104,0.9964,3.19,0.93,9.5,8.36,59.0
0.12,1.9,0.091,0.9956,3.44,0.48,10.5,7.58,158.0
0.2,1.9,0.082,0.99585,3.39,0.43,9.05,7.380000000000001,32.0
0.09,2.9,0.079,0.99669,3.46,0.61,10.2,7.26,29.0
0.13,2.9,0.096,0.9984,3.17,0.62,9.1,8.88,77.0
0.07,1.7,0.071,0.9951,3.29,0.66,10.8,7.63,39.0
0.08,1.8,0.076,0.9978,3.48,0.53,9.0,7.62,32.0
0.21,1.8,0.081,0.99689,3.59,0.66,9.8,7.04,45.0
0.37,1.9,0.057,0.99408,3.23,0.81,12.0,8.54,117.0
0.08,2.2,0.064,0.99553,3.3,0.65,9.6,7.27,56.0
0.1,2.9,0.089,0.99803,3.29,0.55,9.5,8.950000000000001,57.0
0.53,2.6,0.07,0.9972,3.15,0.65,11.0,11.049999999999999,21.0
0.36,6.1,0.071,0.9978,3.35,0.8,10.5,8.0,119.0
0.02,7.9,0.122,0.9994,3.47,0.53,9.9,7.335,192.0
0.07,3.4,0.102,1.00015,3.31,0.71,9.8,10.49,103.0
0.08,2.4,0.07,0.99358,3.4,0.72,12.5,7.119999999999999,39.0
0.0,4.25,0.097,0.9966,3.63,0.54,10.7,8.585,19.0
0.32,2.5,0.088,0.9979,3.29,0.62,10.1,10.389999999999999,113.0
0.09,1.4,0.066,0.99459,3.42,0.7,10.0,6.71,43.0
0.48,1.8,0.157,0.9976,3.3,1.05,9.4,8.48,22.0
0.44,1.9,0.085,0.99708,3.28,0.55,9.5,9.73,31.0
0.18,1.9,0.079,0.9968,3.59,0.57,9.3,7.3999999999999995,104.0
0.01,2.3,0.08,0.9955,3.42,0.58,10.7,7.6899999999999995,70.0
0.19,5.2,0.094,0.99713,3.16,0.52,9.6,8.185,117.0
0.0,2.1,0.075,0.9968,3.49,0.67,9.2,7.295,68.0
0.53,3.4,0.128,0.9992,3.17,0.84,12.2,12.595,28.0
0.04,2.3,0.068,0.99582,3.53,0.58,10.8,7.494999999999999,20.0
0.21,2.2,0.088,0.99692,3.33,0.83,11.1,9.4,60.0
0.49,6.1,0.122,1.001,3.31,1.14,9.3,9.155,185.0
0.46,2.2,0.075,0.99598,3.06,0.84,11.4,10.89,41.0
0.02,2.3,0.082,0.99744,3.55,0.53,9.7,7.6899999999999995,118.0
0.0,2.2,0.068,0.9956,3.42,0.72,11.1,7.87,34.0
0.26,2.0,0.096,0.99738,3.25,0.42,9.6,9.955,40.0
0.34,1.6,0.062,0.99667,3.2,0.67,10.5,9.559999999999999,17.0
0.44,2.4,0.061,0.99484,3.29,0.8,11.6,7.0200000000000005,58.0
0.49,2.0,0.088,0.998,3.48,0.64,9.1,8.01,59.0
0.21,1.6,0.106,0.9966,3.17,0.91,9.5,8.33,47.0
0.52,3.0,0.08,1.0001,3.26,0.88,11.0,11.91,84.0
0.03,1.9,0.086,0.9969,3.37,0.46,10.3,8.245,71.0
0.5,2.4,0.066,1.0,3.12,1.18,9.2,12.54,31.0
0.35,2.2,0.074,0.9974,3.25,0.56,9.2,8.35,87.0
0.55,2.1,0.062,0.9971,3.26,0.79,10.6,10.25,19.0
0.22,2.2,0.072,0.9967,3.36,0.55,9.1,8.825,52.0
0.46,9.0,0.114,0.99901,3.18,0.6,10.9,9.379999999999999,12.0
0.2,1.9,0.077,0.9956,3.37,0.64,10.4,7.56,82.0
0.31,2.0,0.088,0.9957,3.17,0.55,10.4,9.22,31.0
0.17,1.7,0.065,0.99514,3.44,0.68,10.55,7.5600000000000005,39.0
0.26,1.9,0.062,0.9966,3.39,0.64,9.6,8.19,40.0
0.4,3.6,0.11,0.99549,3.23,0.7,12.0,9.25,36.0
0.45,1.5,0.057,0.99498,3.18,0.89,11.1,9.63,56.0
0.09,2.0,0.081,0.99479,3.43,0.59,11.5,7.54,26.0
0.02,2.1,0.066,0.9972,3.47,0.67,9.5,7.65,33.0
0.31,2.1,0.069,0.9958,3.26,0.54,9.9,8.03,87.0
0.0,2.2,0.087,0.99378,3.71,0.63,12.8,6.26,14.0
0.03,1.8,0.095,0.995,3.35,0.54,10.1,8.1,124.0
0.38,1.5,0.096,0.99666,3.2,0.52,9.4,9.12,23.0
0.0,1.8,0.082,0.9936,3.5,0.44,11.9,7.56,21.0
0.13,2.3,0.076,0.99574,3.42,0.75,11.0,6.81,69.0
0.17,2.9,0.099,0.998,3.09,0.52,9.3,9.23,140.0
0.49,2.2,0.089,1.0002,3.19,0.44,9.6,12.8,19.0
0.48,2.6,0.073,0.9972,3.32,0.7,9.6,7.88,106.0
0.02,1.7,0.084,0.99538,3.36,0.54,10.5,8.01,44.0
0.36,1.8,0.053,0.9982,3.17,0.42,10.0,10.844999999999999,19.0
0.49,4.3,0.085,1.0021,3.3,0.68,12.7,13.47,53.0
0.32,2.5,0.08,0.99624,3.27,0.85,11.0,8.58,95.0
0.0,2.5,0.066,0.99256,3.52,0.58,12.9,6.26,22.0
0.09,3.3,0.068,0.99735,3.23,0.44,10.0,9.15,25.0
0.48,2.1,0.125,0.998,3.03,0.81,9.7,11.1,64.0
0.22,3.4,0.105,1.001,3.43,0.64,11.3,11.035,97.0
0.33,2.4,0.076,0.99599,3.27,0.81,11.0,8.549999999999999,58.0
0.33,2.5,0.078,0.9957,3.3,0.58,11.2,8.01,29.0
0.32,2.8,0.067,0.99473,3.3,0.76,12.8,8.53,16.0
0.43,2.6,0.082,0.99708,3.33,0.68,9.7,7.7700000000000005,100.0
0.28,1.9,0.077,0.9978,3.39,0.61,10.0,8.84,51.0
0.29,4.2,0.075,0.9965,3.45,0.68,11.5,9.06,28.0
0.68,8.3,0.05,0.99316,3.01,0.51,12.3,8.200000000000001,326.5
0.07,2.5,0.058,0.99632,3.38,0.55,10.9,8.185,14.0
0.08,1.8,0.097,0.9959,3.34,0.54,9.2,7.6899999999999995,111.0
0.39,2.2,0.106,0.9986,2.89,0.5,9.6,11.129999999999999,40.0
0.46,2.2,0.114,0.99647,3.32,0.63,10.5,7.87,27.0
0.0,1.4,0.065,0.9954,3.27,0.55,9.7,9.54,57.0
0.53,2.4,0.074,0.9962,3.2,1.13,12.0,9.67,24.0
0.04,3.0,0.077,0.9987,3.69,0.91,9.4,7.44,34.0
0.17,2.9,0.087,1.0004,3.14,0.61,9.4,10.25,73.0
0.38,2.3,0.06,0.99543,3.39,0.72,11.8,9.100000000000001,91.0
0.13,2.0,0.076,0.9973,3.61,0.64,9.8,7.24,51.0
0.22,2.3,0.071,0.99438,3.41,0.83,11.3,7.29,37.0
0.43,2.2,0.114,0.997,3.25,0.73,9.2,8.635,136.0
0.27,3.8,0.11,0.99664,3.24,0.45,9.3,8.45,123.0
0.28,2.0,0.082,0.99694,3.45,0.48,9.4,7.4399999999999995,99.0
0.0,2.2,0.067,0.99517,3.4,0.58,10.9,7.569999999999999,21.0
0.29,1.8,0.157,0.9973,3.3,0.92,9.5,8.3,45.0
0.47,3.6,0.067,0.99549,3.39,0.66,11.0,6.31,60.0
0.0,1.9,0.076,0.9978,3.51,0.56,9.4,8.1,45.0
0.32,1.8,0.067,0.9928,3.36,0.55,12.8,7.16,12.0
0.15,1.8,0.107,0.99593,3.19,0.5,9.5,7.8549999999999995,104.0
0.23,1.8,0.077,0.9963,3.28,0.67,9.3,8.27,72.0
0.0,2.7,0.123,0.99538,3.44,0.63,11.3,7.4399999999999995,48.0
0.09,2.3,0.054,0.99724,3.41,0.68,10.4,6.82,98.0
0.49,2.7,0.077,0.9963,3.23,0.63,11.6,10.44,30.0
0.33,2.05,0.063,0.99516,3.26,0.84,11.7,9.389999999999999,40.0
0.65,6.4,0.08,0.99817,3.27,0.58,11.0,8.969999999999999,11.0
0.28,2.4,0.012,0.99064,3.26,0.39,11.7,6.98,136.0
0.4,2.2,0.049,0.996,3.33,0.93,11.3,8.08,105.0
0.6,2.1,0.112,0.9973,3.2,0.52,9.2,9.05,102.0
0.07,1.8,0.1,0.9961,3.3,0.58,9.6,8.040000000000001,31.0
0.3,3.0,0.076,0.9976,3.3,0.53,9.4,9.07,165.0
0.44,2.8,0.089,0.9975,3.53,0.61,10.5,8.6,54.0
0.42,2.0,0.086,0.99526,3.39,0.66,11.6,8.19,30.0
0.42,1.9,0.071,0.99659,3.15,0.75,10.5,9.98,18.0
0.49,3.2,0.078,0.9992,3.19,0.7,10.0,10.94,98.0
0.26,1.7,0.074,0.9971,3.15,0.74,9.2,9.46,27.0
0.19,1.8,0.082,0.99655,3.49,0.68,10.5,7.95,49.0
0.09,2.8,0.084,0.9994,3.43,0.72,11.1,8.82,67.0
0.44,1.6,0.147,0.99836,3.38,0.86,9.9,12.07,87.0
0.07,2.5,0.091,0.99572,3.38,0.6,11.3,7.6899999999999995,36.0
0.26,2.0,0.111,0.99709,2.94,0.98,10.2,10.440000000000001,67.0
0.65,2.6,0.093,0.9996,3.05,0.61,10.6,13.32,62.0
0.48,1.9,0.066,0.99724,3.33,0.87,10.9,10.66,16.0
0.59,2.8,0.079,0.9976,3.12,0.54,12.0,9.73,39.0
0.22,2.3,0.064,0.9963,3.1,0.55,9.4,9.465,51.0
0.31,2.2,0.09,0.9994,3.18,0.63,10.2,10.59,88.0
0.39,3.2,0.083,0.9989,3.37,0.71,11.5,10.46,80.0
0.51,1.8,0.341,0.9969,3.04,1.08,9.2,8.22,73.0
0.32,2.3,0.078,0.998,3.25,0.48,9.4,10.780000000000001,187.0
0.0,5.5,0.086,0.9986,3.4,0.55,9.6,8.445,23.0
0.1,2.4,0.08,0.99736,3.58,0.69,10.8,8.035,49.0
0.14,2.8,0.076,0.99624,3.36,0.49,10.7,7.56,52.0
0.37,15.4,0.214,1.00369,3.18,0.77,9.0,10.739999999999998,150.0
0.66,3.0,0.093,0.9996,3.18,0.63,10.8,12.39,42.0
0.37,2.3,0.091,0.99786,3.24,0.56,10.5,10.01,33.0
0.24,2.1,0.084,0.9972,3.37,0.77,10.7,8.924999999999999,18.0
0.0,2.2,0.084,0.99656,3.25,0.5,9.8,8.969999999999999,41.0
0.44,1.9,0.098,0.9956,3.3,0.64,11.4,8.38,21.0
0.23,2.3,0.076,0.99686,3.21,0.58,9.5,8.48,117.0
0.0,2.0,0.084,0.9983,3.61,0.96,9.9,7.96,29.0
0.0,2.9,0.072,0.99379,3.51,0.6,11.5,7.06,78.0
0.01,2.5,0.077,0.99746,3.55,0.59,9.8,7.6899999999999995,105.0
0.4,2.6,0.073,0.9984,3.34,0.75,10.2,9.690000000000001,36.0
0.42,5.5,0.07,0.9973,3.42,0.72,10.5,7.529999999999999,158.0
0.14,1.6,0.078,0.99592,3.27,0.62,9.3,7.66,25.0
0.39,1.5,0.08,0.99652,3.47,0.73,10.9,9.66,96.0
0.0,5.6,0.124,0.9997,3.46,0.72,10.2,7.49,79.0
0.23,2.6,0.059,0.997,3.37,0.56,11.3,8.879999999999999,20.0
0.24,2.2,0.095,0.9946,3.57,0.57,11.7,6.5600000000000005,61.0
0.08,2.6,0.106,0.99665,3.44,0.58,10.2,7.3,41.0
0.28,1.7,0.368,0.9968,3.11,1.28,9.3,8.66,72.0
0.0,1.8,0.082,0.9964,3.54,0.48,10.9,9.43,15.0
0.14,2.2,0.038,0.99514,3.44,0.65,11.1,6.78,40.0
0.19,2.2,0.093,0.99736,3.2,0.59,9.2,9.07,86.0
0.3,1.9,0.065,0.99774,3.32,0.71,10.5,9.6,25.0
0.13,2.0,0.076,0.99546,3.29,0.54,10.1,7.8950000000000005,32.0
0.35,2.9,0.077,0.9976,3.23,0.62,9.4,8.7,148.0
0.24,2.0,0.079,0.99764,3.34,0.64,9.5,8.709999999999999,102.0
0.1,2.0,0.076,0.99554,3.36,0.48,9.4,6.9,77.0
0.26,2.0,0.08,0.99622,3.21,0.52,9.9,8.4,162.0
0.26,2.1,0.083,0.99616,3.29,0.56,9.8,8.0,108.0
0.48,4.6,0.072,0.9973,3.34,0.79,12.2,9.81,30.0
0.14,2.4,0.067,0.9969,3.19,0.59,9.5,9.41,52.0
0.48,1.5,0.068,0.9973,3.22,0.64,10.1,11.28,22.0
0.25,1.9,0.081,0.9984,3.43,0.65,9.0,8.32,52.0
0.0,1.2,0.267,0.99471,3.32,0.51,9.8,7.615,45.0
0.02,2.4,0.069,0.99387,3.38,0.66,12.6,7.18,59.0
0.27,2.0,0.083,0.99616,3.26,0.58,9.8,8.13,108.0
0.49,2.1,0.2,0.9994,3.16,0.63,8.4,11.01,21.0
0.35,2.8,0.086,0.997,3.31,0.62,10.8,8.62,80.0
0.41,2.0,0.091,0.998,3.28,0.7,9.7,9.57,22.0
0.42,5.5,0.071,0.9973,3.42,0.71,10.5,7.529999999999999,156.0
0.22,2.4,0.082,0.9983,3.37,0.62,9.5,8.860000000000001,96.0
0.22,1.8,0.078,0.99633,3.52,0.6,9.5,6.63,77.0
0.56,1.8,0.092,0.9969,3.3,0.75,10.5,8.78,138.0
0.26,1.8,0.083,0.9968,3.4,0.58,9.5,7.55,108.0
0.78,13.9,0.074,0.99677,3.39,0.48,10.5,5.909999999999999,115.0
0.24,2.0,0.078,0.9983,3.45,0.78,9.5,8.05,38.0
0.07,1.4,0.074,0.9973,3.32,0.81,9.6,7.720000000000001,25.0
0.44,1.8,0.081,0.99501,3.36,0.66,11.2,8.28,96.0
0.14,1.8,0.078,0.99636,3.53,0.61,10.4,7.5,33.0
0.0,1.4,0.057,0.99448,3.36,0.45,9.5,6.5,41.0
0.05,2.0,0.089,0.99735,3.36,0.61,10.0,8.59,44.0
0.06,2.0,0.063,0.99489,3.38,0.83,10.3,7.03,73.0
0.32,5.6,0.087,0.9991,3.38,0.77,10.5,9.3,57.0
0.44,1.6,0.038,0.99526,3.24,0.81,10.8,9.67,63.0
0.25,2.6,0.073,0.99615,3.37,0.58,10.5,8.13,92.0
0.24,1.8,0.08,0.9962,3.28,0.59,9.5,8.01,15.0
0.73,3.2,0.066,0.9986,3.17,0.66,11.2,11.549999999999999,28.0
0.02,2.4,0.062,0.99627,3.54,0.6,11.0,7.455,38.0
0.25,2.6,0.081,0.99685,3.46,0.5,11.0,7.42,47.0
0.28,2.1,0.066,0.9968,3.23,0.73,9.7,8.48,43.0
0.18,2.1,0.07,0.99768,3.52,0.73,9.5,7.81,40.0
0.0,1.4,0.07,0.99438,3.32,0.58,11.4,7.340000000000001,70.0
0.02,1.2,0.07,0.9952,3.2,0.58,9.8,9.52,84.0
0.31,2.3,0.112,0.99699,3.24,0.56,10.9,9.739999999999998,49.0
0.53,2.2,0.23,0.9934,3.37,0.93,12.4,6.760000000000001,54.0
0.23,3.1,0.095,0.9998,3.28,0.59,9.7,9.74,51.0
0.05,2.1,0.061,0.99705,3.31,0.55,9.7,8.28,69.0
0.35,1.9,0.067,0.997,3.18,1.36,10.3,9.19,82.0
0.26,2.3,0.09,0.9953,3.71,0.62,12.2,5.69,97.0
0.31,1.9,0.082,0.996,3.24,0.69,10.6,8.6,32.0
0.43,2.8,0.076,0.99572,3.42,1.16,10.6,7.11,76.0
0.26,2.1,0.083,0.99616,3.29,0.56,9.8,8.0,108.0
0.0,2.15,0.08,0.99444,3.78,0.61,12.5,5.845000000000001,43.0
0.63,2.2,0.073,0.99974,3.21,0.69,10.9,12.149999999999999,30.0
0.08,4.0,0.082,0.99641,3.25,0.51,9.4,7.8100000000000005,134.0
0.03,2.0,0.09,0.9959,3.2,0.56,9.6,8.549999999999999,27.0
0.52,2.1,0.111,0.99568,3.31,0.62,11.3,9.36,15.0
0.03,7.8,0.079,0.9963,3.52,0.5,12.2,7.3999999999999995,18.0
0.0,2.1,0.048,0.99154,3.71,0.74,14.0,5.32,58.0
0.03,1.9,0.086,0.9969,3.37,0.46,10.3,8.245,71.0
0.01,2.1,0.064,0.99371,3.41,0.57,11.8,8.415000000000001,74.0
0.46,4.6,0.094,0.99639,3.27,0.64,12.2,9.795,13.0
0.03,1.8,0.095,0.995,3.35,0.54,10.1,8.1,124.0
0.1,1.7,0.063,0.9958,3.41,0.67,9.7,7.39,87.0
0.75,2.8,0.084,0.9986,3.04,0.68,11.4,13.59,66.0
0.43,1.7,0.067,0.9946,3.38,0.6,11.9,8.25,72.0
0.01,2.3,0.079,0.99514,3.4,0.61,10.9,7.699999999999999,61.0
0.14,1.9,0.056,0.99396,3.48,0.57,11.5,6.71,49.0
0.22,2.1,0.077,0.9967,3.29,0.51,9.2,8.674999999999999,77.0
0.49,2.7,0.094,0.9986,3.12,1.02,10.6,11.41,63.0
0.06,2.0,0.063,0.99489,3.38,0.83,10.3,7.03,73.0
0.3,1.8,0.065,0.99672,3.61,0.82,10.0,7.22,36.0
0.36,3.0,0.081,0.997,3.2,0.56,9.4,8.98,149.0
1.0,3.4,0.61,0.9996,2.74,2.0,9.4,9.719999999999999,101.0
0.49,2.7,0.085,0.9994,3.15,0.63,10.5,12.0,51.0
0.0,2.3,0.087,0.99783,3.45,0.53,9.5,7.779999999999999,43.0
0.31,1.8,0.069,0.99625,3.29,0.53,9.3,8.37,146.0
0.4,1.8,0.062,0.9941,3.28,0.7,11.1,8.08,27.0
0.0,1.4,0.055,0.9922,3.45,0.48,12.3,6.77,60.0
0.21,2.1,0.08,0.9962,3.25,0.51,9.9,8.59,174.0
0.02,2.0,0.073,0.9968,3.36,0.57,9.5,8.379999999999999,27.0
0.16,2.0,0.12,0.99454,3.22,0.58,11.2,8.58,10.0
0.16,1.8,0.069,0.9955,3.42,0.74,10.1,6.5,36.0
0.57,1.8,0.074,0.9981,3.14,0.7,9.9,11.83,11.0
0.03,1.7,0.084,0.9968,3.44,0.63,10.0,7.359999999999999,53.0
0.42,1.9,0.092,0.9959,3.23,0.59,9.5,8.475,94.0
0.24,1.7,0.077,0.9948,3.39,0.6,10.6,7.16,52.0
0.39,2.4,0.078,0.99444,3.31,0.77,12.5,8.610000000000001,60.0
0.22,2.4,0.094,0.99612,3.37,0.58,11.0,8.64,38.0
0.18,1.6,0.078,0.99576,3.15,0.49,9.9,9.76,31.0
0.57,2.3,0.106,0.99605,3.36,0.55,11.4,7.88,17.0
0.25,2.9,0.077,0.9974,3.49,0.96,12.1,8.41,66.0
0.0,1.9,0.067,0.9979,3.6,0.81,9.9,7.6850000000000005,103.0
0.08,1.9,0.059,0.99484,3.5,0.64,10.2,5.98,51.0
0.03,1.7,0.07,0.99575,3.34,0.57,10.0,8.52,45.0
0.0,1.2,0.041,0.99258,4.01,0.59,12.5,5.74,62.0
0.47,2.1,0.077,0.9958,3.33,0.53,10.3,7.63,16.0
0.55,2.6,0.083,0.9995,3.15,0.82,10.4,12.87,93.0
0.45,2.3,0.071,0.9991,3.39,0.62,9.4,10.440000000000001,56.0
0.29,2.1,0.074,0.99578,3.33,0.62,9.8,6.66,130.0
0.29,4.3,0.083,0.99642,3.16,0.53,9.4,8.62,85.0
0.01,2.1,0.074,0.9958,3.33,0.56,9.5,7.31,34.0
0.27,2.3,0.055,0.99516,3.18,0.8,11.2,9.07,42.0
0.55,2.8,0.081,1.0002,3.32,0.92,10.8,11.92,102.0
0.0,1.9,0.08,0.99701,3.4,0.74,9.7,7.47,61.0
0.0,2.2,0.078,0.99522,3.42,0.68,10.8,7.6899999999999995,70.0
0.02,1.8,0.087,0.9944,3.54,0.52,10.0,6.4799999999999995,115.0
0.54,2.6,0.085,1.0,3.1,0.61,10.5,12.68,83.0
0.4,2.7,0.082,0.99538,3.44,0.54,12.2,8.03,17.0
0.26,1.9,0.089,0.99636,3.26,0.59,9.7,8.24,170.0
0.02,4.4,0.096,0.997,3.41,0.57,11.0,7.9399999999999995,18.0
0.7,2.2,0.098,0.9972,3.08,0.53,9.0,8.76,154.0
0.0,2.8,0.081,0.99518,3.41,0.52,10.8,7.470000000000001,62.0
0.48,2.0,0.082,0.9972,3.34,0.55,9.2,7.79,81.0
0.45,6.2,0.071,0.99702,3.21,0.49,11.8,10.41,20.0
0.49,2.5,0.08,0.9992,3.07,0.82,10.3,12.99,28.0
0.37,5.1,0.11,1.0026,3.32,0.64,10.4,10.75,76.0
0.08,1.7,0.066,0.9954,3.34,0.58,9.4,6.6899999999999995,23.0
0.1,2.9,0.089,0.99803,3.29,0.55,9.5,8.950000000000001,57.0
0.26,1.9,0.079,0.99712,3.25,0.62,10.0,10.36,41.0
0.6,2.0,0.067,0.9981,3.11,0.97,10.1,11.8,39.0
0.04,2.5,0.076,0.99745,3.53,0.55,9.5,7.8,106.0
0.32,5.6,0.087,0.9991,3.38,0.77,10.5,9.3,57.0
0.25,2.4,0.098,0.9964,3.41,0.6,10.1,7.260000000000001,21.0
0.0,1.6,0.052,0.99467,3.5,0.63,10.9,7.4,26.0
0.02,7.9,0.122,0.9994,3.47,0.53,9.9,7.335,192.0
0.0,2.5,0.075,0.998,3.49,0.52,9.2,7.995,16.0
0.55,1.7,0.136,0.99752,3.35,0.94,10.0,10.620000000000001,76.0
0.11,1.5,0.075,0.99545,3.36,0.79,9.5,7.3,65.0
0.1,1.5,0.066,0.99655,3.39,0.51,9.3,8.265,82.0
0.07,1.9,0.075,0.99685,3.38,0.52,9.5,7.779999999999999,67.0
0.21,4.1,0.074,0.99842,3.53,0.72,9.23333333333333,7.74,81.0
0.26,2.0,0.08,0.99622,3.21,0.52,9.9,8.4,162.0
0.35,2.1,0.083,0.99622,3.23,0.66,11.1,10.02,55.0
0.28,2.1,0.087,0.998,3.42,0.74,9.2,8.21,77.0
0.34,5.1,0.062,0.9974,3.22,0.94,10.9,8.44,30.0
0.39,1.5,0.08,0.99652,3.47,0.73,10.9,9.66,96.0
0.33,2.4,0.08,0.99655,3.3,0.6,9.5,8.33,168.0
0.44,2.3,0.071,0.9992,3.46,0.63,9.5,10.09,89.0
0.0,2.6,0.098,0.9968,3.2,0.68,9.8,8.68,92.0
0.1,2.2,0.085,0.9964,3.15,0.66,9.8,9.0,125.0
0.28,3.2,0.087,1.0001,3.31,0.53,9.7,10.015,90.0
0.19,2.0,0.075,0.99522,3.39,0.78,10.0,6.42,69.0
0.48,2.1,0.093,0.99408,3.26,0.62,12.4,8.58,18.0
0.59,2.2,0.077,0.9994,3.2,0.78,9.6,10.32,18.0
0.1,2.1,0.073,0.99638,3.29,0.75,10.9,8.834999999999999,85.0
0.02,2.2,0.072,0.99566,3.32,0.68,11.1,7.97,123.0
0.65,2.15,0.068,0.9988,3.06,0.68,11.3,12.3,34.0
0.45,2.0,0.08,0.99774,3.22,0.76,11.4,10.92,19.0
0.22,1.8,0.082,0.99499,3.1,0.42,9.2,8.09,103.0
0.26,2.0,0.08,0.99584,3.28,0.52,9.9,7.89,121.0
0.46,1.8,0.05,0.9974,3.04,0.79,10.2,10.379999999999999,18.0
0.01,2.4,0.076,0.99522,3.34,0.53,10.8,7.53,53.0
0.28,4.8,0.085,0.99633,3.32,0.7,11.0,7.58,81.0
0.01,1.6,0.077,0.995,3.16,0.46,9.8,8.33,22.0
0.12,2.9,0.082,0.99865,3.3,0.64,10.4,10.37,104.0
0.3,2.8,0.066,0.9964,3.33,0.67,11.2,9.18,38.0
0.47,1.6,0.062,0.9983,3.27,0.66,10.0,10.01,46.0
0.22,2.1,0.08,0.99613,3.3,0.49,9.9,8.6,130.0
0.0,2.0,0.084,0.99619,3.33,0.68,10.9,8.665000000000001,31.0
0.5,2.4,0.104,0.99643,3.22,0.65,11.6,10.48,19.0
0.29,2.2,0.098,0.9988,3.36,0.49,9.1,9.4,20.0
0.14,3.0,0.087,0.9964,3.32,0.57,10.5,8.01,64.0
0.32,2.5,0.088,0.9979,3.29,0.62,10.1,10.389999999999999,113.0
0.21,2.1,0.08,0.9962,3.25,0.51,9.9,8.59,174.0
0.36,2.2,0.048,0.995,3.27,1.01,12.4,8.389999999999999,88.0
0.33,2.2,0.081,0.9949,3.41,0.75,11.1,7.3100000000000005,58.0
0.33,6.7,0.235,0.99787,3.22,0.56,9.5,7.53,181.0
0.06,1.9,0.079,0.99628,3.4,0.69,10.9,8.5,55.0
0.56,3.1,0.153,0.99476,3.21,1.03,11.6,8.08,19.0
0.03,2.3,0.077,0.99568,3.35,0.52,10.0,7.78,35.0
0.14,2.4,0.064,0.99397,3.42,0.62,11.7,7.16,42.0
0.5,13.8,0.205,1.00242,3.16,0.75,8.8,10.4,130.0
0.3,2.6,0.132,0.99786,2.99,1.18,10.2,11.690000000000001,67.0
0.1,6.0,0.115,0.9984,3.37,0.69,10.1,8.44,16.0
0.15,2.1,0.102,0.99604,3.23,0.48,10.0,8.705,43.0
0.49,4.6,0.118,1.0002,3.07,0.56,11.7,11.43,27.0
0.23,2.2,0.094,0.9962,3.21,0.49,10.2,8.45,45.0
0.49,2.8,0.083,0.9982,3.3,0.6,9.5,9.24,129.0
0.43,2.1,0.171,0.9982,3.17,0.76,10.8,11.270000000000001,93.0
0.05,2.3,0.081,0.99564,3.38,0.6,10.3,7.7700000000000005,52.0
0.07,1.6,0.07,0.99572,3.29,0.6,9.3,7.46,77.0
0.49,2.4,0.086,0.9976,3.23,0.64,9.5,9.629999999999999,139.0
0.53,4.0,0.101,0.99586,3.21,0.59,12.1,9.38,13.0
0.24,3.3,0.101,0.9988,3.26,0.67,9.6,9.79,67.0
0.12,1.8,0.114,0.99588,3.22,0.59,9.5,7.745,79.0
0.18,2.1,0.071,0.99761,3.52,0.72,9.6,7.7,43.0
0.11,2.2,0.048,0.99182,3.54,0.88,13.6,5.77,105.0
0.24,1.8,0.066,0.9956,3.37,0.62,10.4,7.8100000000000005,65.0
0.68,4.1,0.114,0.997,3.06,0.66,13.4,11.04,30.0
0.17,2.3,0.058,0.9932,3.85,0.6,12.9,5.3,123.0
0.66,2.4,0.123,0.99642,3.2,0.53,11.9,11.66,11.0
0.49,2.7,0.092,0.9971,3.31,0.61,10.1,7.89,85.0
0.32,1.8,0.066,0.99456,3.38,0.72,11.8,8.87,77.0
0.0,1.9,0.065,0.9972,3.46,0.65,9.2,7.115,27.0
0.06,2.5,0.078,0.99746,3.51,0.53,9.7,7.82,101.0
0.03,2.3,0.078,0.99743,3.53,0.57,9.7,7.86,102.0
0.41,6.2,0.078,0.9953,3.24,0.77,12.6,9.11,67.0
0.74,2.6,0.095,0.9994,3.2,0.77,10.8,13.100000000000001,37.0
0.52,2.0,0.082,0.998,3.18,0.51,9.5,9.87,32.0
0.54,2.3,0.065,0.99531,3.17,0.53,12.5,10.37,33.0
0.01,2.1,0.064,0.99371,3.41,0.57,11.8,8.415000000000001,74.0
0.59,2.6,0.087,0.9988,3.18,0.65,11.0,12.09,62.0
0.18,2.9,0.089,0.99738,3.14,0.54,9.4,9.39,86.0
0.08,2.3,0.067,0.99648,3.52,0.57,11.0,7.74,51.0
0.39,2.5,0.079,0.99729,3.16,0.59,9.8,10.17,93.0
0.21,2.5,0.075,0.99586,3.37,0.54,10.1,7.54,109.0
0.45,2.3,0.071,0.9991,3.39,0.62,9.4,10.440000000000001,56.0
0.0,2.4,0.077,0.9965,3.32,0.6,10.0,8.14,47.0
0.27,1.9,0.058,0.99518,3.16,0.85,11.1,8.97,56.0
0.17,3.0,0.077,0.9976,3.29,0.55,10.4,9.66,18.0
0.23,2.6,0.059,0.997,3.37,0.56,11.3,8.879999999999999,20.0
0.06,2.5,0.079,0.9967,3.39,0.56,9.8,8.5,15.0
0.22,2.7,0.084,0.99682,3.26,0.57,9.9,8.92,22.0
0.47,2.5,0.063,0.9981,3.24,0.65,10.8,10.24,37.0
0.73,6.55,0.074,0.999,3.17,0.85,12.0,10.84,114.0
0.2,8.1,0.098,0.99892,3.2,0.58,9.2,8.27,122.0
0.53,4.0,0.101,0.99586,3.21,0.59,12.1,9.38,13.0
0.38,3.3,0.063,0.99468,3.3,0.73,12.0,9.03,29.0
0.03,2.6,0.076,0.99745,3.5,0.6,9.8,7.619999999999999,113.0
0.47,1.4,0.056,0.99695,3.22,0.82,10.3,9.92,33.0
0.05,2.2,0.084,0.9959,3.22,0.55,9.9,8.940000000000001,42.0
0.59,1.4,0.414,0.99702,3.03,1.34,9.2,8.96,61.0
0.36,5.9,0.074,0.9978,3.33,0.83,10.5,7.75,99.0
0.37,0.9,0.049,0.99007,2.89,0.44,12.7,8.18,145.0
0.04,1.6,0.054,0.9927,3.54,0.62,12.2,5.68,125.0
0.66,6.2,0.088,0.9988,3.11,0.99,13.3,12.025,30.0
0.09,2.5,0.091,0.9976,3.34,0.86,10.6,9.219999999999999,69.0
0.51,2.0,0.121,0.9996,3.24,0.76,10.4,12.280000000000001,27.0
0.68,2.9,0.085,1.0014,3.06,0.8,10.0,14.114999999999998,60.0
0.49,2.6,0.084,0.9987,3.35,0.57,9.7,9.45,96.0
0.42,2.3,0.075,0.99434,3.14,0.71,11.8,8.82,31.0
0.4,4.7,0.055,0.99738,3.38,0.66,11.6,8.84,12.0
0.01,2.2,0.07,0.9967,3.32,0.58,11.0,9.145000000000001,19.0
0.25,2.2,0.118,0.99616,3.15,0.53,9.8,8.9,47.0
0.3,2.2,0.088,0.99725,3.25,1.18,10.5,7.44,114.0
0.49,2.7,0.088,0.9982,3.42,0.9,10.0,10.05,48.0
0.05,4.65,0.086,0.9962,3.41,0.39,10.9,7.925,15.0
0.18,3.8,0.176,0.9986,3.16,0.88,9.2,9.52,197.0
0.33,2.4,0.076,0.99599,3.27,0.81,11.0,8.549999999999999,58.0
0.09,2.0,0.067,0.99418,3.28,0.57,11.8,8.94,15.0
0.51,2.6,0.052,0.995,3.32,0.9,13.4,9.3,40.0
0.38,2.5,0.094,0.9979,3.31,0.7,10.8,8.72,84.0
0.1,2.6,0.084,0.9976,3.39,0.49,9.7,8.405,35.0
0.26,2.0,0.096,0.99738,3.25,0.42,9.6,9.955,40.0
0.16,2.0,0.101,0.9962,3.14,0.57,11.0,9.325,62.0
0.17,2.9,0.084,0.99818,3.23,0.54,9.6,9.440000000000001,155.0
0.56,2.0,0.073,0.99534,3.15,0.73,11.4,10.22,11.0
0.19,4.0,0.094,0.99787,3.22,0.5,10.0,9.41,99.0
0.32,2.8,0.08,0.9974,3.31,0.64,10.3,8.23,87.0
0.0,3.9,0.086,0.9976,3.46,0.54,9.5,7.76,62.0
0.46,2.5,0.073,1.0001,3.05,0.64,9.5,11.3,32.0
0.4,2.2,0.068,0.99486,3.27,0.75,12.6,9.280000000000001,40.0
0.22,2.3,0.075,0.99688,3.24,0.54,9.5,8.715,94.0
0.16,2.1,0.074,0.99606,3.37,0.55,9.7,7.655,33.0
0.67,5.2,0.086,0.9988,3.22,0.69,13.4,11.92,25.0
0.1,2.2,0.062,0.99512,3.52,0.76,11.2,6.45,90.0
0.33,2.5,0.099,0.99818,3.24,0.71,10.8,11.25,58.0
0.51,4.0,0.104,0.9996,3.28,0.97,10.1,11.68,27.0
0.06,2.0,0.079,0.99697,3.39,0.62,10.1,8.3,60.0
0.48,2.1,0.097,0.9975,3.04,1.03,9.3,9.17,184.0
0.02,1.3,0.072,0.9965,3.17,1.08,9.2,8.28,29.0
0.03,3.2,0.071,0.995,3.61,0.49,12.7,7.265000000000001,85.0
0.3,1.7,0.059,0.9949,3.29,0.47,10.8,7.96,58.0
0.02,2.1,0.067,0.997,3.47,0.67,9.4,7.64,32.0
0.04,1.5,0.076,0.99508,3.26,0.53,9.6,8.225,23.0
0.35,3.3,0.092,0.99798,3.21,0.69,10.5,10.93,94.0
0.49,2.8,0.075,0.9994,3.14,0.57,11.4,13.299999999999999,24.0
0.25,2.0,0.104,0.9963,3.04,0.9,10.1,10.47,101.0
0.66,2.4,0.123,0.99642,3.2,0.53,11.9,11.66,11.0
0.0,2.8,0.095,0.99822,3.33,0.6,10.4,9.43,60.0
0.4,2.4,0.071,0.9963,3.56,0.73,10.6,6.87,27.0
0.34,2.2,0.073,0.9936,3.28,0.66,12.4,8.48,41.0
0.74,2.6,0.095,0.9994,3.2,0.77,10.8,13.100000000000001,37.0
0.25,1.8,0.103,0.9957,3.38,0.55,9.2,5.5200000000000005,63.0
0.0,3.0,0.102,0.99586,3.43,0.46,10.0,8.2,23.0
0.31,2.2,0.09,0.9994,3.18,0.63,10.2,10.59,88.0
0.44,2.7,0.104,0.99732,3.33,0.78,11.0,8.12,25.0
0.05,5.7,0.082,0.99808,3.4,0.52,10.2,7.975,17.0
0.2,2.4,0.075,0.99467,3.58,0.67,12.5,6.58,65.0
0.0,2.3,0.068,0.99292,3.58,0.59,12.5,6.49,48.0
0.28,1.9,0.11,0.9972,2.93,1.95,9.9,9.09,156.0
0.27,2.0,0.08,0.99652,3.29,0.48,9.8,8.83,74.0
0.01,2.3,0.08,0.9955,3.42,0.58,10.7,7.6899999999999995,70.0
0.49,4.3,0.085,1.0021,3.3,0.68,12.7,13.47,53.0
0.0,1.6,0.069,0.99396,3.33,0.37,10.4,7.21,12.0
0.18,2.4,0.243,0.99612,3.4,0.6,10.3,7.665,53.5
0.56,2.1,0.093,0.99925,3.14,0.71,10.9,12.38,30.0
0.29,1.6,0.114,0.9974,3.26,1.56,9.1,8.41,38.0
0.29,2.5,0.096,0.9962,3.42,0.65,11.0,7.449999999999999,73.0
0.27,2.1,0.088,0.9962,3.26,0.47,10.0,9.114999999999998,30.0
0.15,1.9,0.079,0.9972,3.31,0.54,9.6,8.96,59.0
0.14,2.1,0.064,0.99323,3.35,0.61,12.1,7.73,44.0
0.1,2.1,0.085,0.9956,3.34,0.52,10.2,7.4399999999999995,119.0
0.47,2.65,0.085,0.99736,3.24,0.77,12.1,11.52,43.0
0.48,1.8,0.077,0.9968,3.39,0.53,9.4,9.120000000000001,89.0
0.05,3.6,0.107,0.9972,3.4,0.63,10.1,7.97,26.0
0.6,2.1,0.074,0.99814,3.38,0.72,10.6,7.369999999999999,42.0
0.0,2.2,0.1,0.99544,3.59,0.68,11.4,7.18,113.0
0.49,2.2,0.096,0.99714,3.31,0.67,10.1,8.19,80.0
0.08,2.1,0.071,0.99376,3.56,0.77,11.1,6.510000000000001,40.0
0.5,2.3,0.068,0.996,3.1,0.87,11.4,10.83,32.0
0.49,2.9,0.094,0.9982,3.08,0.61,9.2,9.54,151.0
0.02,2.4,0.062,0.99627,3.54,0.6,11.0,7.455,38.0
0.18,1.8,0.07,0.997,3.44,0.6,9.1,7.75,53.0
0.52,2.0,0.088,0.99613,3.29,0.58,11.1,9.87,63.0
0.32,1.9,0.082,0.9968,3.2,0.55,9.5,8.39,161.0
0.3,2.1,0.083,0.997,3.44,0.52,9.4,7.61,107.0
0.55,2.1,0.071,0.9986,3.11,0.62,10.8,12.180000000000001,24.0
0.03,2.3,0.054,0.99508,3.45,0.63,11.5,7.640000000000001,23.0
0.49,4.6,0.073,0.9978,3.02,0.61,9.5,12.82,62.0
0.3,1.8,0.073,0.99685,3.42,0.59,9.5,7.58,101.0
0.51,1.7,0.08,0.9982,3.2,0.89,9.4,10.78,34.0
0.39,1.5,0.08,0.99652,3.47,0.73,10.9,9.66,96.0
0.4,2.6,0.083,0.99782,3.3,0.48,9.4,8.93,84.0
0.48,3.1,0.09,0.9986,3.17,0.53,10.5,11.45,26.0
0.31,2.3,0.082,0.9982,3.52,0.65,9.7,7.989999999999999,94.0
0.0,1.4,0.057,0.99448,3.36,0.45,9.5,6.5,41.0
0.66,2.2,0.074,1.0008,3.25,0.57,9.0,12.18,57.0
0.23,2.1,0.08,0.99538,3.36,0.7,10.9,7.34,130.0
0.04,3.0,0.077,0.9987,3.69,0.91,9.4,7.44,34.0
0.52,1.9,0.09,0.99648,3.36,0.67,10.4,8.71,32.0
0.46,2.1,0.095,0.99488,3.26,0.56,11.3,9.07,49.0
0.07,2.4,0.09,0.9979,3.43,0.76,9.7,8.030000000000001,48.0
0.4,2.4,0.052,0.99356,3.33,0.7,12.8,8.479999999999999,14.0
0.29,4.8,0.07,0.99577,3.53,0.54,11.1,7.715,54.0
0.21,4.1,0.074,0.99842,3.53,0.72,9.25,7.74,81.0
0.47,1.8,0.118,0.9982,3.3,0.75,9.8,11.290000000000001,20.0
0.01,1.9,0.076,0.99668,3.39,0.54,9.6,8.620000000000001,39.0
0.1,1.7,0.075,0.99581,3.09,0.43,9.7,8.790000000000001,31.0
0.56,2.0,0.118,0.9968,3.24,0.66,9.4,8.745,164.0
0.03,1.5,0.086,0.99522,3.53,0.57,10.6,7.460000000000001,82.0
0.37,1.9,0.081,0.99674,3.12,0.65,11.2,11.1,46.0
0.1,1.6,0.09,0.99745,3.31,0.65,9.55,9.375,15.0
0.26,1.9,0.062,0.9966,3.39,0.64,9.6,8.19,40.0
0.54,2.1,0.114,0.99719,3.33,0.57,10.3,7.78,12.0
0.64,2.9,0.122,0.998,3.23,0.66,12.5,10.559999999999999,51.0
0.0,2.5,0.081,0.99798,3.38,0.46,9.6,8.83,36.0
0.42,2.0,0.069,0.9982,3.16,0.72,11.5,10.8,72.0
0.04,2.2,0.119,0.9962,3.21,0.6,10.9,9.350000000000001,70.0
0.33,3.3,0.046,0.99294,3.36,0.62,12.2,6.79,65.0
0.47,2.5,0.087,0.99772,3.15,0.5,10.5,9.8,26.0
0.0,1.9,0.058,0.9977,3.18,0.63,10.4,9.7,15.0
0.1,2.1,0.073,0.99638,3.29,0.75,10.9,8.834999999999999,85.0
0.06,2.7,0.077,0.99746,3.51,0.54,9.5,7.82,100.0
0.35,1.7,0.054,0.99458,3.32,0.8,11.9,8.1,22.0
0.26,1.7,0.063,0.9915,3.39,0.54,13.5,6.09,14.0
